x,y,z,ap_x,ap_y,ap_tipo,dist_euclid,rssi_dbm,n_rayos,pl_min_db,delayspread_ns,refl_dom,cruces_nlos
0,0,1,-0.2,134.9,1,134.900148257887,-43.2276704903633,21,89.0276704903633,43.8393479198308,0,0
0,5,1,-0.2,134.9,1,129.900153964497,-42.8996339916,19,88.6996339916,42.8869130407234,0,0
0,10,1,-0.2,134.9,1,124.900160128,-42.5587215959049,16,88.3587215959049,39.4111485360686,0,0
0,15,1,-0.2,134.9,1,119.900166805555,-42.2038811397588,17,88.0038811397588,37.9808116293287,0,0
0,20,1,-0.2,134.9,1,114.900174064272,-41.8339259882093,31,87.6339259882093,39.3118867705246,0,0
0,25,1,-0.2,134.9,1,109.900181983471,-41.4475110984898,41,87.2475110984898,42.1645943739925,0,0
0,30,1,-0.2,134.9,1,104.900190657596,-41.0431035091419,22,86.8431035091419,37.9857436439585,0,0
0,35,1,-0.2,134.9,1,99.9002001999996,-40.6189456204947,22,86.4189456204947,48.3693064954123,0,0
0,40,1,-0.2,134.9,1,94.9002107479219,-40.1730090446944,25,85.9730090446944,50.9296134309292,0,0
0,45,1,-0.2,134.9,1,89.9002224691352,-39.7029359611902,34,85.5029359611902,44.1832353319015,0,0
0,50,1,-0.2,134.9,1,84.9002355709335,-39.2059636854218,34,85.0059636854218,43.6546565658815,0,0
0,55,1,-0.2,134.9,1,79.900250312499,-38.6788263334299,21,84.4788263334299,45.5209071161815,0,0
0,60,1,-0.2,134.9,1,74.900267022221,-38.1176246957405,24,83.9176246957405,38.5230206154387,0,0
0,65,1,-0.2,134.9,1,69.9002861224473,-37.5176511323068,43,83.3176511323068,39.2655405094411,0,0
0,70,1,-0.2,134.9,1,64.9003081656782,-36.8731494417551,124,82.6731494417551,35.3310459111577,0,0
0,75,1,-0.2,134.9,1,59.9003338888858,-36.1769783950647,44,81.9769783950647,41.736080127298,0,0
0,80,1,-0.2,134.9,1,54.9003642975163,-35.4201284950704,48,81.2201284950704,39.8789117694392,0,0
0,85,1,-0.2,134.9,1,49.9004007999936,-34.5910077558121,37,80.3910077558121,36.3095656784095,0,0
0,90,1,-0.2,134.9,1,44.900445432089,-33.6743499479201,75,79.4743499479201,35.7576525021729,0,0
0,95,1,-0.2,134.9,1,39.9005012499843,-32.6494773778726,116,78.4494773778726,33.903992788454,0,0
0,100,1,-0.2,134.9,1,34.9005730611977,-31.4873984966889,76,77.2873984966889,35.7519671415013,0,0
0,105,1,-0.2,134.9,1,29.9006688888393,-30.1456562776015,62,75.9456562776015,37.953919049891,0,0
0,110,1,-0.2,134.9,1,24.900803199897,-28.5584489697892,60,74.3584489697892,38.3016209936192,0,0
0,115,1,-0.2,134.9,1,19.9010049997481,-26.615635312174,195,72.415635312174,31.49507888479,0,0
0,120,1,-0.2,134.9,1,14.9013422214242,-24.1112055843801,104,69.9112055843801,31.7135159900524,0,0
0,125,1,-0.2,134.9,1,9.90201999594023,-20.5857281073494,73,66.3857281073494,25.2367748689273,0,0
0,130,1,-0.2,134.9,1,4.9040799340957,-14.6152606106364,58,60.4152606106364,15.4897645624012,0,0
0,135,1,-0.2,134.9,1,0.223606797749976,-0.83907629930313,16,46.6390762993031,2.69299422820293,0,0
0,0,1,-0.1,88.6,1,88.6000564333906,-39.5764164870402,46,85.3764164870402,74.13001817938,0,0
0,5,1,-0.1,88.6,1,83.600059808591,-39.0719364267724,41,84.8719364267724,65.5190840750438,0,0
0,10,1,-0.1,88.6,1,78.6000636132058,-38.53634417503,31,84.33634417503,66.6661272372478,0,0
0,15,1,-0.1,88.6,1,73.6000679347513,-37.9655492681952,37,83.7655492681952,66.7415922453341,0,0
0,20,1,-0.1,88.6,1,68.6000728862586,-37.3545976118822,56,83.1545976118822,58.7478723442658,0,0
0,25,1,-0.1,88.6,1,63.6000786163036,-36.6974098910664,103,82.4974098910664,53.666117055713,0,0
0,30,1,-0.1,88.6,1,58.60008532417,-35.9864127927447,47,81.7864127927447,56.7407521902612,0,0
0,35,1,-0.1,88.6,1,53.6000932835009,-35.212005612896,50,81.012005612896,57.0584557792634,0,0
0,40,1,-0.1,88.6,1,48.6001028805495,-34.361765387741,40,80.161765387741,58.6810643437711,0,0
0,45,1,-0.1,88.6,1,43.6001146787483,-33.4192199333705,63,79.2192199333705,51.6555441623104,0,0
0,50,1,-0.1,88.6,1,38.6001295334614,-32.361872359059,96,78.161872359059,45.6814141865178,0,0
0,55,1,-0.1,88.6,1,33.6001488091943,-31.1578524424874,65,76.9578524424874,43.9031671338055,0,0
0,60,1,-0.1,88.6,1,28.6001748246405,-29.7598632410665,52,75.5598632410665,38.9351188994499,0,0
0,65,1,-0.1,88.6,1,23.6002118634558,-28.0932918000457,49,73.8932918000457,36.0612689228996,0,0
0,70,1,-0.1,88.6,1,18.6002688152618,-26.0301025695472,120,71.8301025695472,25.3592658535391,0,0
0,75,1,-0.1,88.6,1,13.6003676420897,-23.3216122193161,67,69.1216122193161,20.6029623102012,0,0
0,80,1,-0.1,88.6,1,8.6005813756978,-19.3760584170649,62,65.1760584170649,16.5969296058167,0,0
0,85,1,-0.1,88.6,1,3.60138862107382,-12.0791473697456,41,57.8791473697456,5.23060048814406,0,0
0,90,1,-0.1,88.6,1,1.40356688476183,-5.3547478017759,21,51.1547478017759,3.88731598650696,0,0
0,95,1,-0.1,88.6,1,6.40078120232211,-16.8565730007187,30,62.6565730007187,15.3553195191284,0,0
0,100,1,-0.1,88.6,1,11.4004385880544,-21.7989015837464,39,67.5989015837464,24.6381504116996,0,0
0,105,1,-0.1,88.6,1,16.400304875215,-24.940338373959,53,70.740338373959,34.3272616882185,0,0
0,110,1,-0.1,88.6,1,21.4002336435844,-27.2450263020972,61,73.0450263020972,36.2261675050825,0,0
0,115,1,-0.1,88.6,1,26.40018939326,-29.0655508713045,94,74.8655508713045,43.2332706813807,0,0
0,120,1,-0.1,88.6,1,31.400159235265,-30.5702228288921,52,76.3702228288921,45.9312722848183,0,0
0,125,1,-0.1,88.6,1,36.4001373623782,-31.8525202915097,68,77.6525202915097,38.5452061319517,0,0
0,130,1,-0.1,88.6,1,41.4001207727707,-32.969748581847,68,78.769748581847,38.9315218953267,0,0
0,135,1,-0.1,88.6,1,46.4001077584956,-33.9595798111055,74,79.7595798111055,35.5801203178844,0,0
25.98,0,1,25.9,43.4,1,43.4000737326563,-33.379297746601,63,79.179297746601,26.3064821422862,0,0
25.98,5,1,25.9,43.4,1,38.4000833332429,-32.3167708824414,64,78.1167708824414,34.1542305698359,0,0
25.98,10,1,25.9,43.4,1,33.4000958082458,-31.1060288567145,64,76.9060288567145,36.3869855073253,0,0
25.98,15,1,25.9,43.4,1,28.4001126758328,-29.6989657204065,53,75.4989657204065,38.8807792768579,0,0
25.98,20,1,25.9,43.4,1,23.4001367517372,-28.0194753416265,52,73.8194753416265,32.0089345281784,0,0
25.98,25,1,25.9,43.4,1,18.4001739122216,-25.9364304124112,80,71.7364304124112,26.5767285913909,0,0
25.98,30,1,25.9,43.4,1,13.4002388038423,-23.1935527034737,43,68.9935527034737,25.3128089399044,0,0
25.98,35,1,25.9,43.4,1,8.40038094374297,-19.1742750233647,32,64.9742750233647,19.1480308734746,0,0
25.98,40,1,25.9,43.4,1,3.40094104623999,-11.619292104507,49,57.419292104507,8.60707610757144,0,0
25.98,45,1,25.9,43.4,1,1.60199875156006,-6.14948381996539,18,51.9494838199654,3.8584451571008,0,0
25.98,50,1,25.9,43.4,1,6.60048483067721,-17.1172588477424,35,62.9172588477424,14.5937724027581,0,0
25.98,55,1,25.9,43.4,1,11.6002758587889,-21.9487039426468,46,67.7487039426468,20.6332233550994,0,0
25.98,60,1,25.9,43.4,1,16.6001927699651,-25.045177474834,46,70.845177474834,22.7728480394343,0,0
25.98,65,1,25.9,43.4,1,21.6001481476401,-27.325616254398,36,73.125616254398,29.9206599279034,0,0
25.98,70,1,25.9,43.4,1,26.6001203004798,-29.1309888523551,35,74.9309888523551,31.82759797511,0,0
25.98,75,1,25.9,43.4,1,31.6001012656605,-30.6252997993559,25,76.4252997993559,40.0410856583693,0,0
25.98,80,1,25.9,43.4,1,36.6000874315896,-31.9000666088343,63,77.7000666088343,40.1801058440622,0,0
25.98,85,1,25.9,43.4,1,41.6000769230058,-33.0115748086118,31,78.8115748086118,44.1714414346211,0,0
25.98,90,1,25.9,43.4,1,46.6000686694773,-33.9969138949681,26,79.7969138949681,50.2252726349429,0,0
25.98,95,1,25.9,43.4,1,51.6000620154666,-34.8818185863568,18,80.6818185863568,47.2520802929113,0,0
25.98,100,1,25.9,43.4,1,56.6000565370742,-35.6848760564295,16,81.4848760564295,50.320686236642,0,0
25.98,105,1,25.9,43.4,1,61.60005194803,-36.4199492427762,19,82.2199492427762,34.8322314637493,0,0
25.98,110,1,25.9,43.4,1,66.6000480480307,-37.0976531664496,15,82.8976531664496,37.5473795330121,0,0
25.98,115,1,25.9,43.4,1,71.6000446927235,-37.7262962388262,19,83.5262962388262,48.8050028121667,0,0
25.98,120,1,25.9,43.4,1,76.6000417754455,-38.3125035363961,12,84.1125035363961,50.3796245403588,0,0
25.98,125,1,25.9,43.4,1,81.6000392156768,-38.8616428432233,17,84.6616428432233,51.7448405841568,0,0
25.98,130,1,25.9,43.4,1,86.6000369514933,-39.3781239093296,16,85.1781239093296,58.2368402401575,0,0
25.98,135,1,25.9,43.4,1,91.6000349344911,-39.8656136622791,15,85.6656136622791,57.5968182804699,0,0
0,0,1,25.9,-0.3,1,25.9017373934646,-28.9002297195011,70,74.7002297195011,14.7674852710886,0,1
0,5,1,25.9,-0.3,1,26.436716891475,-53.835875985237,33,99.635875985237,8.54643305121759,4,1
25.98,0,1,25.9,-0.3,1,0.310483493925201,-1.02687357727837,21,46.8268735772784,2.97209695147739,0,0
25.98,5,1,25.9,-0.3,1,5.30060373919802,-15.2655758937028,50,61.0655758937028,5.73000633910136,0,0
25.98,10,1,25.9,-0.3,1,10.3003106749263,-20.9249320331303,42,66.7249320331303,11.3913798404324,0,0
25.98,15,1,25.9,-0.3,1,15.3002091488973,-24.3396430974242,59,70.1396430974242,14.4490097183927,0,0
25.98,20,1,25.9,-0.3,1,20.3001576348559,-26.787697411191,72,72.587697411191,17.6701144724242,0,0
25.98,25,1,25.9,-0.3,1,25.3001264818973,-28.6964166902234,58,74.4964166902234,19.7481946942891,0,0
25.98,30,1,25.9,-0.3,1,30.300105610377,-30.2607939588349,51,76.0607939588349,26.063825064449,0,0
25.98,35,1,25.9,-0.3,1,35.3000906514417,-31.5861835640781,134,77.3861835640781,22.4516956706896,0,0
25.98,40,1,25.9,-0.3,1,40.3000794043883,-32.7359745909607,73,78.5359745909606,26.0777401289885,0,0
25.98,45,1,25.9,-0.3,1,45.3000706401215,-33.7512767234259,59,79.5512767234259,28.2262286654472,0,0
25.98,50,1,25.9,-0.3,1,50.30006361825,-34.6602701698694,31,80.4602701698694,32.1208688854418,0,0
25.98,55,1,25.9,-0.3,1,55.3000578661542,-35.4831149379745,37,81.2831149379745,35.8943608547438,0,0
25.98,60,1,25.9,-0.3,1,60.30005306797,-36.2347314289481,34,82.034731428948,37.7326918779959,0,0
25.98,65,1,25.9,-0.3,1,65.3000490045758,-36.9264718242838,30,82.7264718242838,39.541876648193,0,0
25.98,70,1,25.9,-0.3,1,70.3000455191887,-37.5671741099136,21,83.3671741099136,42.3832584357665,0,0
25.98,75,1,25.9,-0.3,1,75.300042496668,-38.1638536055375,17,83.9638536055375,44.7628378105903,0,0
25.98,80,1,25.9,-0.3,1,80.3000398505505,-38.7221719960655,32,84.5221719960655,54.7617208172744,0,0
25.98,85,1,25.9,-0.3,1,85.3000375146459,-39.2467645893708,21,85.0467645893708,71.467684731123,0,0
25.98,90,1,25.9,-0.3,1,90.3000354374238,-39.7414742998782,21,85.5414742998782,71.5741973786371,0,0
25.98,95,1,25.9,-0.3,1,95.3000335781683,-40.2095225429305,22,86.0095225429305,71.2052391679394,0,0
25.98,100,1,25.9,-0.3,1,100.300031904282,-40.6536364105587,23,86.4536364105587,69.7797054382974,0,0
25.98,105,1,25.9,-0.3,1,105.300030389359,-41.076144897704,23,86.876144897704,67.8830758653064,0,0
25.98,110,1,25.9,-0.3,1,110.300029011782,-41.4790527984537,24,87.2790527984536,66.5617597988848,0,0
25.98,115,1,25.9,-0.3,1,115.300027753683,-41.8640982151903,22,87.6640982151903,68.3543603138863,0,0
25.98,120,1,25.9,-0.3,1,120.300026600163,-42.2327978565422,20,88.0327978565422,68.0859388309984,0,0
25.98,125,1,25.9,-0.3,1,125.300025538705,-42.5864831090302,26,88.3864831090302,60.7571153793047,0,0
25.98,130,1,25.9,-0.3,1,130.300024558708,-42.9263290493463,21,88.7263290493463,56.6213976901416,0,0
25.98,135,1,25.9,-0.3,1,135.300023651144,-43.2533779927708,18,89.0533779927707,45.5274542513686,0,0
51.96,0,1,25.9,-0.3,1,26.0617267271376,-28.9536364170599,70,74.7536364170599,14.8931296134422,0,1
51.96,5,1,25.9,-0.3,1,26.5934879246781,-53.8395551379436,31,99.6395551379436,8.55141042773228,4,1
51.96,0,1,52.2,84.6,1,84.600340424847,-39.1752322707179,32,84.9752322707179,3.40536488775236,0,0
51.96,5,1,52.2,84.6,1,79.600361808223,-38.6461695053994,45,84.4461695053994,12.5515391971589,0,0
51.96,10,1,52.2,84.6,1,74.6003860579823,-38.0827851105316,44,83.8827851105316,17.5317912460721,0,0
51.96,15,1,52.2,84.6,1,69.6004137918734,-37.4803161696484,43,83.2803161696484,21.5696636031484,0,0
51.96,20,1,52.2,84.6,1,64.6004458188951,-36.8329341574698,32,82.6329341574698,28.9132026695251,0,0
51.96,25,1,52.2,84.6,1,59.6004832195176,-36.1334013547481,36,81.9334013547481,15.7397508466095,0,0
51.96,30,1,52.2,84.6,1,54.6005274699796,-35.372576597934,29,81.172576597934,15.3153927075359,0,0
51.96,35,1,52.2,84.6,1,49.6005806417626,-34.5386834289783,52,80.3386834289783,23.98832448904,0,0
51.96,40,1,52.2,84.6,1,44.6006457352357,-33.6161889335695,64,79.4161889335695,24.6770997622437,0,0
51.96,45,1,52.2,84.6,1,39.600727266049,-32.5840150129673,55,78.3840150129673,25.7781824737842,0,0
51.96,50,1,52.2,84.6,1,34.6008323599303,-31.412540252891,45,77.212540252891,20.9554748587153,0,0
51.96,55,1,52.2,84.6,1,29.6009729569823,-30.0582566739322,34,75.8582566739322,19.4171405999237,0,0
51.96,60,1,52.2,84.6,1,24.6011707038507,-28.4534687172062,75,74.2534687172062,16.4330118963424,0,0
51.96,65,1,52.2,84.6,1,19.6014693326801,-26.4842445201346,48,72.2842445201346,5.87287905211028,0,0
51.96,70,1,52.2,84.6,1,14.6019724694988,-23.9357348021745,40,69.7357348021745,7.67480857342891,0,0
51.96,75,1,52.2,84.6,1,9.60299953139642,-20.322162481635,30,66.122162481635,6.69193050023898,0,0
51.96,80,1,52.2,84.6,1,4.60625661464925,-14.0941547443683,17,59.8941547443683,4.68295945967146,0,0
51.96,85,1,52.2,84.6,1,0.46647615158763,-1.48222970286875,20,47.2822297028687,3.67706537868043,0,0
51.96,90,1,52.2,84.6,1,5.40533070218651,-15.4297829886644,55,61.2297829886644,4.91816802391228,0,0
51.96,95,1,52.2,84.6,1,10.4027688621828,-21.0101095976922,62,66.8101095976922,5.01970820356659,0,0
51.96,100,1,52.2,84.6,1,15.4018700163324,-24.3969217575068,73,70.1969217575068,10.9859744449004,0,0
51.96,105,1,52.2,84.6,1,20.4014117158593,-26.8308095137628,89,72.6308095137628,15.1609016579654,0,0
51.96,110,1,52.2,84.6,1,25.4011338329611,-28.7309711289049,49,74.5309711289049,16.4281609049942,0,0
51.96,115,1,52.2,84.6,1,30.4009473536599,-30.2896221642694,52,76.0896221642694,13.3409137434629,0,0
51.96,120,1,52.2,84.6,1,35.4008135499737,-31.610912216461,51,77.410912216461,8.15668596071322,0,0
51.96,125,1,52.2,84.6,1,40.4007128649978,-32.7576238221279,93,78.5576238221279,9.72363644241601,0,0
51.96,130,1,52.2,84.6,1,45.4006343568017,-33.7705281988414,53,79.5705281988414,6.19453415939142,0,0
51.96,135,1,52.2,84.6,1,50.4005714253321,-34.6776018537675,26,80.4776018537675,2.49828898077829,0,0
0,0,1,-0.3,43.8,2,43.801027385211,-43.9591323487965,69,79.2591323487965,29.1734071665305,0,0
0,5,1,-0.3,43.8,2,38.8011597764809,-42.9069611519682,73,78.2069611519682,32.9989010363718,0,0
0,10,1,-0.3,43.8,2,33.801331334727,-41.7096589347481,69,77.0096589347481,36.0056734673676,0,0
0,15,1,-0.3,43.8,2,28.8015624576168,-40.320736553048,59,75.6207365530479,35.6899369156933,0,0
0,20,1,-0.3,43.8,2,23.8018906812043,-38.6670715441733,50,73.9670715441733,31.7079657197322,0,0
0,25,1,-0.3,43.8,2,18.8023934646629,-36.6237132153094,120,71.9237132153093,25.4317198450081,0,0
0,30,1,-0.3,43.8,2,13.8032604843928,-33.9495513952548,76,69.2495513952548,21.9221998047202,0,0
0,35,1,-0.3,43.8,2,8.805112151472,-30.077539283127,68,65.377539283127,17.1639379780341,0,0
0,40,1,-0.3,43.8,2,3.81182371050918,-23.0388978658893,46,58.3388978658893,5.20357279420015,0,0
0,45,1,-0.3,43.8,2,1.2369316876853,-15.1583885203619,19,50.4583885203619,4.10757540522907,0,0
0,50,1,-0.3,43.8,2,6.2072538211354,-27.0964514520335,33,62.3964514520335,14.3538424068311,0,0
0,55,1,-0.3,43.8,2,11.2040171367238,-32.1491183890012,46,67.4491183890012,22.6549202968861,0,0
0,60,1,-0.3,43.8,2,16.2027775396689,-35.3354839288649,58,70.6354839288649,29.3992803075863,0,0
0,65,1,-0.3,43.8,2,21.2021225352558,-37.6644204604375,63,72.9644204604375,31.8087659288765,0,0
0,70,1,-0.3,43.8,2,26.2017175009578,-39.5000998398115,56,74.8000998398115,33.8738223514918,0,0
0,75,1,-0.3,43.8,2,31.2014422743565,-41.0151354387165,50,76.3151354387165,44.99699910228,0,0
0,80,1,-0.3,43.8,2,36.2012430725797,-42.3049655997313,60,77.6049655997313,40.6630319648006,0,0
0,85,1,-0.3,43.8,2,41.2010922185323,-43.4279155278729,64,78.7279155278729,43.8452088816537,0,0
0,90,1,-0.3,43.8,2,46.2009740157066,-44.4222400765012,68,79.7222400765012,41.7421889687684,0,0
0,95,1,-0.3,43.8,2,51.2008788987064,-45.3143879579458,49,80.6143879579458,49.9477210994575,0,0
0,100,1,-0.3,43.8,2,56.2008007060398,-46.1234081424217,45,81.4234081424217,55.3909916404542,0,0
0,105,1,-0.3,43.8,2,61.2007352897006,-46.8634754538219,47,82.1634754538219,57.4229820515054,0,0
0,110,1,-0.3,43.8,2,66.2006797548182,-47.5454231398522,44,82.8454231398522,54.608777433724,0,0
0,115,1,-0.3,43.8,2,71.2006320196668,-48.1777168744132,55,83.4777168744131,52.8129193677835,0,0
0,120,1,-0.3,43.8,2,76.2005905488927,-48.7670979277661,30,84.0670979277661,44.2097491643969,0,0
0,125,1,-0.3,43.8,2,81.200554185301,-49.3190217916123,27,84.6190217916123,49.859183034895,0,0
0,130,1,-0.3,43.8,2,86.2005220401826,-49.8379656617575,26,85.1379656617575,51.17663235769,0,0
0,135,1,-0.3,43.8,2,91.2004934197179,-50.3276491805335,33,85.6276491805335,46.836449361621,0,0
0,0,1,-0.1,8,2,8.00062497558785,-29.2569849689986,37,64.5569849689985,13.1821223895925,0,0
0,5,1,-0.1,8,2,3.00166620396073,-21.1315240833969,31,56.4315240833969,5.11744931765843,0,0
0,10,1,-0.1,8,2,2.00249843945008,-18.1255605672762,23,53.4255605672762,4.65290650270259,0,0
0,15,1,-0.1,8,2,7.00071424927486,-28.1177518540804,53,63.4177518540804,4.69112068567857,0,0
0,20,1,-0.1,8,2,12.0004166594331,-32.7411628340617,70,68.0411628340617,19.7466981245166,0,0
0,25,1,-0.1,8,2,17.0002941151028,-35.7513130417293,33,71.0513130417293,24.0052899572044,0,0
0,30,1,-0.1,8,2,22.0002272715534,-37.9846902389573,47,73.2846902389573,31.5022532199611,0,0
0,35,1,-0.1,8,2,27.0001851845501,-39.7604714017956,51,75.0604714017956,26.6179469389118,0,0
0,40,1,-0.1,8,2,32.0001562496185,-41.2344643325082,61,76.5344643325082,31.683350197269,0,0
0,45,1,-0.1,8,2,37.0001351348884,-42.4944206803793,92,77.7944206803793,32.4318549817266,0,0
0,50,1,-0.1,8,2,42.0001190474503,-43.5946550116921,46,78.8946550116921,43.3956090039942,0,0
0,55,1,-0.1,8,2,47.0001063828583,-44.5711256967444,59,79.8711256967444,45.7550815555921,0,0
0,60,1,-0.1,8,2,52.0000961537573,-45.4488720582488,59,80.7488720582488,48.5884911630978,0,0
0,65,1,-0.1,8,2,57.0000877192307,-46.2460302812791,62,81.5460302812791,48.1656557920725,0,0
0,70,1,-0.1,8,2,62.0000806451088,-46.9761580450086,64,82.2761580450086,60.4792061833558,0,0
0,75,1,-0.1,8,2,67.0000746268241,-47.6496563911091,34,82.9496563911091,58.8386450379115,0,0
0,80,1,-0.1,8,2,72.000069444411,-48.2746792918247,33,83.5746792918247,61.8472338622147,0,0
0,85,1,-0.1,8,2,77.0000649350376,-48.8577375659246,41,84.1577375659245,77.9777482109194,0,0
0,90,1,-0.1,8,2,82.0000609755871,-49.4041126532539,41,84.7041126532539,75.5961667524775,0,0
0,95,1,-0.1,8,2,87.0000574712454,-49.918147840648,40,85.218147840648,74.0800654080683,0,0
0,100,1,-0.1,8,2,92.00005434781,-50.4034580635226,32,85.7034580635226,66.6302967189228,0,0
0,105,1,-0.1,8,2,97.0000515463781,-50.8630841581181,31,86.1630841581181,66.7325138319088,0,0
0,110,1,-0.1,8,2,102.000049019596,-51.29960832798,35,86.59960832798,69.101787698731,0,0
0,115,1,-0.1,8,2,107.000046728962,-51.7152419683261,37,87.0152419683261,69.0747121729414,0,0
0,120,1,-0.1,8,2,112.000044642848,-52.1118934270017,29,87.4118934270017,60.5056567472012,0,0
0,125,1,-0.1,8,2,117.000042735035,-52.4912209622908,27,87.7912209622908,64.451161788465,0,0
0,130,1,-0.1,8,2,122.0000409836,-52.8546746160955,24,88.1546746160955,55.8457590378143,0,0
0,135,1,-0.1,8,2,127.000039370073,-53.2035296749568,30,88.5035296749568,45.4144676915001,0,0
25.98,0,1,26.1,129.1,2,129.100055770708,-53.3459724726088,16,88.6459724726088,50.4895446604,0,0
25.98,5,1,26.1,129.1,2,124.100058017714,-53.0029049844515,17,88.3029049844515,53.3785337864301,0,0
25.98,10,1,26.1,129.1,2,119.100060453385,-52.6457291046826,16,87.9457291046826,60.6989258657296,0,0
25.98,15,1,26.1,129.1,2,114.100063102524,-52.2732345774806,17,87.5732345774806,51.6486709403297,0,0
25.98,20,1,26.1,129.1,2,109.100065994481,-51.8840484258759,17,87.1840484258759,54.6877346522097,0,0
25.98,25,1,26.1,129.1,2,104.100069164242,-51.4766044093139,20,86.7766044093139,61.9764219463588,0,0
25.98,30,1,26.1,129.1,2,99.1000726538583,-51.0491049616881,17,86.3491049616881,62.7407827582059,0,0
25.98,35,1,26.1,129.1,2,94.1000765143153,-50.5994732729618,20,85.8994732729618,64.9053208791023,0,0
25.98,40,1,26.1,129.1,2,89.1000808080442,-50.1252922838138,17,85.4252922838138,55.9641545036144,0,0
25.98,45,1,26.1,129.1,2,84.1000856123227,-49.6237260558458,16,84.9237260558457,66.8407757261287,0,0
25.98,50,1,26.1,129.1,2,79.1000910239678,-49.0914170316032,15,84.3914170316032,67.2983976968856,0,0
25.98,55,1,26.1,129.1,2,74.1000971659282,-48.5243497316686,18,83.8243497316685,66.2752518912016,0,0
25.98,60,1,26.1,129.1,2,69.1001041967376,-47.9176668090945,19,83.2176668090945,70.895091156242,0,0
25.98,65,1,26.1,129.1,2,64.1001123243946,-47.2654159708189,22,82.5654159708189,59.9374120319613,0,0
25.98,70,1,26.1,129.1,2,59.1001218272856,-46.560194043672,43,81.860194043672,55.9399078633729,0,0
25.98,75,1,26.1,129.1,2,54.1001330867125,-45.7926335666274,20,81.0926335666274,57.1385939625352,0,0
25.98,80,1,26.1,129.1,2,49.1001466392922,-44.9506401538686,27,80.2506401538686,51.9079823304469,0,0
25.98,85,1,26.1,129.1,2,44.1001632650039,-44.0182197586155,29,79.3182197586155,50.7229722876553,0,0
25.98,90,1,26.1,129.1,2,39.1001841427889,-42.9735991430039,44,78.2735991430039,41.5484429869739,0,0
25.98,95,1,26.1,129.1,2,34.1002111430413,-41.786057889543,48,77.086057889543,37.5576604900695,0,0
25.98,100,1,26.1,129.1,2,29.1002474216286,-40.4102424206978,29,75.7102424206978,37.7820220447033,0,0
25.98,105,1,26.1,129.1,2,24.100298753335,-38.7751026118351,54,74.0751026118351,30.2456046832162,0,0
25.98,110,1,26.1,129.1,2,19.1003769596309,-36.7599099983007,44,72.0599099983007,29.467413951749,0,0
25.98,115,1,26.1,129.1,2,14.1005106290517,-34.1336684847586,112,69.4336684847586,24.2167295334317,0,0
25.98,120,1,26.1,129.1,2,9.10079117439797,-30.3608878437046,58,65.6608878437046,21.4242257625291,0,0
25.98,125,1,26.1,129.1,2,4.10175572163921,-23.6373325053015,41,58.9373325053015,11.6874982894915,0,0
25.98,130,1,26.1,129.1,2,0.907964757025299,-13.7383839442928,22,49.0383839442928,3.73526854068945,0,0
25.98,135,1,26.1,129.1,2,5.90122021280346,-26.6689725626971,58,61.9689725626971,15.3143212051943,0,0
25.98,0,1,26.3,87.2,2,87.2005871539865,-49.9381425990595,19,85.2381425990595,58.3683015629917,0,0
25.98,5,1,26.3,87.2,2,82.2006228686863,-49.4253281669097,19,84.7253281669097,61.6191986010716,0,0
25.98,10,1,26.3,87.2,2,77.2006632095865,-48.8803325616527,19,84.1803325616527,60.4485575569679,0,0
25.98,15,1,26.3,87.2,2,72.2007091377917,-48.2988455993658,21,83.5988455993658,62.2591355247307,0,0
25.98,20,1,26.3,87.2,2,67.2007619004428,-47.6756288333861,25,82.9756288333861,61.6740677764025,0,0
25.98,25,1,26.3,87.2,2,62.2008231456787,-47.0042283191331,28,82.3042283191331,59.0511337672143,0,0
25.98,30,1,26.3,87.2,2,57.2008950978916,-46.2765669315516,23,81.5765669315516,59.3067143776939,0,0
25.98,35,1,26.3,87.2,2,52.200980833697,-45.4823500568022,34,80.7823500568022,53.5475000888565,0,0
25.98,40,1,26.3,87.2,2,47.2010847332982,-44.6081717651182,24,79.9081717651182,54.4032247097547,0,0
25.98,45,1,26.3,87.2,2,42.2012132527016,-43.6361199253292,30,78.9361199253292,51.2877112129507,0,0
25.98,50,1,26.3,87.2,2,37.2013763186256,-42.5415004225193,43,77.8415004225193,48.8534015641336,0,0
25.98,55,1,26.3,87.2,2,32.2015900228545,-41.2889158412594,26,76.5889158412594,37.914880531661,0,0
25.98,60,1,26.3,87.2,2,27.2018822878124,-39.8250277860426,52,75.1250277860426,33.9129069782758,0,0
25.98,65,1,26.3,87.2,2,22.2023061865204,-38.0639463844666,31,73.3639463844666,33.737927183486,0,0
25.98,70,1,26.3,87.2,2,17.2029764866432,-35.8539054520047,69,71.1539054520047,23.7539667401643,0,0
25.98,75,1,26.3,87.2,2,12.2041959997371,-32.8864278880714,38,68.1864278880714,21.1502163176676,0,0
25.98,80,1,26.3,87.2,2,7.20710760291534,-28.3652195583347,29,63.6652195583347,15.4079902829481,0,0
25.98,85,1,26.3,87.2,2,2.22315091705444,-18.8668021292006,37,54.1668021292006,5.34836800924353,0,0
25.98,90,1,26.3,87.2,2,2.81822639260936,-20.641724231322,34,55.941724231322,5.12322219793379,0,0
25.98,95,1,26.3,87.2,2,7.80656134287049,-29.0470635923929,33,64.3470635923929,15.0111488714633,0,0
25.98,100,1,26.3,87.2,2,12.8039993751952,-33.3005064035009,45,68.6005064035009,20.0758237422668,0,0
25.98,105,1,26.3,87.2,2,17.8028761721245,-36.1506677905873,58,71.4506677905873,25.4280483418634,0,0
25.98,110,1,26.3,87.2,2,22.8022455034586,-38.2950803737474,33,73.5950803737474,36.4197125742629,0,0
25.98,115,1,26.3,87.2,2,27.8018416656163,-40.0142697075127,35,75.3142697075127,39.9409113722809,0,0
25.98,120,1,26.3,87.2,2,32.8015609384675,-41.4491080664571,25,76.7491080664571,44.5098133768375,0,0
25.98,125,1,26.3,87.2,2,37.8013544730873,-42.6803687471287,43,77.9803687471287,41.0037229197657,0,0
25.98,130,1,26.3,87.2,2,42.8011962449649,-43.7586714838385,28,79.0586714838385,46.9741912057065,0,0
25.98,135,1,26.3,87.2,2,47.8010711177061,-44.7178361392869,22,80.0178361392869,50.8647470407798,0,0
25.98,0,1,26.3,21.4,2,21.4023923896372,-37.7459005372606,112,73.0459005372606,14.968120350265,0,0
25.98,5,1,26.3,21.4,2,16.4031216541243,-35.4418245370307,87,70.7418245370307,15.4411526556918,0,0
25.98,10,1,26.3,21.4,2,11.4044903437199,-32.3019644730526,93,67.6019644730526,16.8672934239869,0,0
25.98,15,1,26.3,21.4,2,6.40799500624025,-27.3661237992917,77,62.6661237992917,11.2306413875879,0,0
25.98,20,1,26.3,21.4,2,1.4361058456813,-15.9878024695712,33,51.2878024695712,5.72371424951472,0,0
25.98,25,1,26.3,21.4,2,3.61419423938449,-22.6077777798852,23,57.9077777798852,8.842488088806,0,0
25.98,30,1,26.3,21.4,2,8.60595142909836,-29.8814077702981,43,65.1814077702981,16.0955469383197,0,0
25.98,35,1,26.3,21.4,2,13.60376418496,-33.8237694943789,80,69.1237694943789,19.0624809002328,0,0
25.98,40,1,26.3,21.4,2,18.6027524845115,-36.5312589654263,31,71.8312589654263,24.3195252830412,0,0
25.98,45,1,26.3,21.4,2,23.6021693918165,-38.5940109334727,52,73.8940109334727,30.2413848521483,0,0
25.98,50,1,26.3,21.4,2,28.6017901537649,-40.260353204637,23,75.560353204637,29.3547938655616,0,0
25.98,55,1,26.3,21.4,2,33.6015237749719,-41.6582075596101,37,76.9582075596101,34.0664939644551,0,0
25.98,60,1,26.3,21.4,2,38.6013264020811,-42.8621414963772,36,78.1621414963772,34.4618627995068,0,0
25.98,65,1,26.3,21.4,2,43.6011742961127,-43.9194309137509,17,79.2194309137509,40.0630437287236,0,0
25.98,70,1,26.3,21.4,2,48.6010534865243,-44.8619352080331,24,80.1619352080331,40.5018478334385,0,0
25.98,75,1,26.3,21.4,2,53.6009552153691,-45.7121452391449,14,81.0121452391449,45.3861922316793,0,0
25.98,80,1,26.3,21.4,2,58.6008737136231,-46.4865296155129,27,81.7865296155129,47.9056990811125,0,0
25.98,85,1,26.3,21.4,2,63.6008050263517,-47.197509072108,19,82.497509072108,49.6317399502231,0,0
25.98,90,1,26.3,21.4,2,68.6007463516251,-47.8546828650627,14,83.1546828650627,50.9874338219087,0,0
25.98,95,1,26.3,21.4,2,73.6006956488864,-48.4656233336993,17,83.7656233336993,59.6248688395798,0,0
25.98,100,1,26.3,21.4,2,78.6006513967919,-49.0364091187182,15,84.3364091187182,67.1440995682737,0,0
25.98,105,1,26.3,21.4,2,83.6006124379481,-49.5719938355237,17,84.8719938355237,67.206226007818,0,0
25.98,110,1,26.3,21.4,2,88.6005778762193,-50.0764675999268,19,85.3764675999268,66.6206616343481,0,0
25.98,115,1,26.3,21.4,2,93.6005470069486,-50.5532467258991,15,85.8532467258991,65.8121356875327,0,0
25.98,120,1,26.3,21.4,2,98.6005192684095,-51.005214038064,15,86.305214038064,64.3100826814932,0,0
25.98,125,1,26.3,21.4,2,103.600494207315,-51.4348244648969,19,86.7348244648969,62.309687526301,0,0
25.98,130,1,26.3,21.4,2,108.600471453857,-51.8441857365757,17,87.1441857365757,59.9425823563378,0,0
25.98,135,1,26.3,21.4,2,113.600450703331,-52.2351209142306,15,87.5351209142306,57.0677731680693,0,0
51.96,0,1,52,38.5,2,38.5000207792152,-42.8393315634841,93,78.1393315634841,3.64820094731961,0,0
51.96,5,1,52,38.5,2,33.5000238805885,-41.6319537675057,76,76.9319537675057,9.84807269807724,0,0
51.96,10,1,52,38.5,2,28.5000280701616,-40.2294325725077,66,75.5294325725077,10.6223501678526,0,0
51.96,15,1,52,38.5,2,23.5000340425285,-38.5564100943828,67,73.8564100943828,13.5158052862007,0,0
51.96,20,1,52,38.5,2,18.5000432431927,-36.4833090115242,48,71.7833090115242,13.9733456663381,0,0
51.96,25,1,52,38.5,2,13.5000592591292,-33.7576610608698,48,69.0576610608698,15.7147777139524,0,0
51.96,30,1,52,38.5,2,8.500094117126,-29.7753544607877,39,65.0753544607877,10.7108518565497,0,0
51.96,35,1,52,38.5,2,3.5002285639655,-22.3498664907433,16,57.6498664907433,6.27888649815405,0,0
51.96,40,1,52,38.5,2,1.50053323855222,-16.2481544574139,28,51.5481544574139,4.28741976312522,0,0
51.96,45,1,52,38.5,2,6.50012307575787,-27.4872050874949,59,62.7872050874949,7.81558693349969,0,0
51.96,50,1,52,38.5,2,11.500069565007,-32.3739076332071,62,67.6739076332071,12.0176378109989,0,0
51.96,55,1,52,38.5,2,16.5000484847772,-35.4928104446157,84,70.7928104446157,12.8514520805209,0,0
51.96,60,1,52,38.5,2,21.5000372092701,-37.7853525884045,78,73.0853525884045,16.3700365158873,0,0
51.96,65,1,52,38.5,2,26.5000301886621,-39.5982905978205,49,74.8982905978205,17.7869806125088,0,0
51.96,70,1,52,38.5,2,31.5000253968152,-41.0977760418064,57,76.3977760418064,23.7511629420001,0,0
51.96,75,1,52,38.5,2,36.5000219178016,-42.3763044440093,63,77.6763044440093,24.9027865223693,0,0
51.96,80,1,52,38.5,2,41.500019277104,-43.4906702125936,94,78.7906702125936,22.8798651860013,0,0
51.96,85,1,52,38.5,2,46.5000172042979,-44.4782536446363,50,79.7782536446363,23.2376899560501,0,0
51.96,90,1,52,38.5,2,51.5000155339782,-45.3649676565638,35,80.6649676565638,23.3971500525964,0,0
51.96,95,1,52,38.5,2,56.5000141592903,-46.1695146931427,48,81.4695146931427,18.2505631151339,0,0
51.96,100,1,52,38.5,2,61.5000130081287,-46.9058355527714,47,82.2058355527714,23.1946653513045,0,0
51.96,105,1,52,38.5,2,66.5000120300741,-47.5845997413772,57,82.8845997413772,16.9369091578374,0,0
51.96,110,1,52,38.5,2,71.5000111888103,-48.2141549378118,32,83.5141549378118,15.6984398749257,0,0
51.96,115,1,52,38.5,2,76.5000104575156,-48.8011552337421,18,84.1011552337421,14.3701512311661,0,0
51.96,120,1,52,38.5,2,81.5000098159503,-49.3509903165695,23,84.6509903165695,11.9690903416018,0,0
51.96,125,1,52,38.5,2,86.5000092485544,-49.8680867806854,47,85.1680867806854,9.53083462295001,0,0
51.96,130,1,52,38.5,2,91.500008743169,-50.3561247197312,33,85.6561247197312,6.74697318970329,0,0
51.96,135,1,52,38.5,2,96.5000082901551,-50.8181966655616,20,86.1181966655616,20.8004533908297,0,0
51.96,0,1,52.4,129.7,2,129.700746335555,-53.3862909700611,15,88.6862909700611,1.82242210874596,0,0
51.96,5,1,52.4,129.7,2,124.700776260615,-53.044845722869,15,88.344845722869,4.22683638272298,0,0
51.96,10,1,52.4,129.7,2,119.700808685656,-52.6894280902156,24,87.9894280902156,8.37618502706402,0,0
51.96,15,1,52.4,129.7,2,114.70084393761,-52.318845666959,14,87.618845666959,7.60656538328485,0,0
51.96,20,1,52.4,129.7,2,109.700882403014,-51.93174659328,13,87.23174659328,9.24697256195441,0,0
51.96,25,1,52.4,129.7,2,104.700924542241,-51.5265897951441,14,86.8265897951441,13.9999760992163,0,0
51.96,30,1,52.4,129.7,2,99.7009709080107,-51.101607941718,15,86.401607941718,14.7904079566365,0,0
51.96,35,1,52.4,129.7,2,94.7010221697739,-50.6547608706034,32,85.9547608706034,18.0142668136877,0,0
51.96,40,1,52.4,129.7,2,89.7010791462399,-50.1836763773533,26,85.4836763773533,10.9837615477427,0,0
51.96,45,1,52.4,129.7,2,84.7011428494327,-49.6855740190836,15,84.9855740190836,17.2151430054527,0,0
51.96,50,1,52.4,129.7,2,79.7012145453255,-49.1571657281079,16,84.4571657281079,17.4503499846905,0,0
51.96,55,1,52.4,129.7,2,74.7012958388273,-48.59452421606,27,83.8945242160599,16.8447638391965,0,0
51.96,60,1,52.4,129.7,2,69.7013887953461,-47.992905771802,43,83.292905771802,16.9171113363881,0,0
51.96,65,1,52.4,129.7,2,64.7014961187143,-47.3465070702365,28,82.6465070702365,2.6906793987394,0,0
51.96,70,1,52.4,129.7,2,59.7016214185176,-46.6481241231792,33,81.9481241231792,1.83284515152062,0,0
51.96,75,1,52.4,129.7,2,54.7017696240259,-45.8886619707583,28,81.1886619707583,3.44148371932258,0,0
51.96,80,1,52.4,129.7,2,49.7019476479544,-45.0564091796527,47,80.3564091796527,2.18818400864114,0,0
51.96,85,1,52.4,129.7,2,44.7021654956446,-44.1359273437272,64,79.4359273437272,2.8908636306674,0,0
51.96,90,1,52.4,129.7,2,39.7024382122811,-43.1062811857204,52,78.4062811857204,3.39939312718602,0,0
51.96,95,1,52.4,129.7,2,34.7027895132365,-41.9380757812282,52,77.2380757812282,7.64727930109887,0,0
51.96,100,1,52.4,129.7,2,29.7032590804443,-40.588184977904,35,75.888184977904,7.69940958400479,0,0
51.96,105,1,52.4,129.7,2,24.7039187174828,-38.9896107521053,68,74.2896107521053,3.29024239889919,0,0
51.96,110,1,52.4,129.7,2,19.7049130929319,-37.0298443871537,55,72.3298443871537,4.40927096991758,0,0
51.96,115,1,52.4,129.7,2,14.7065835597531,-34.4974527900194,42,69.7974527900194,3.19033434977309,0,0
51.96,120,1,52.4,129.7,2,9.70997425331292,-30.9173648813651,37,66.2173648813651,3.84710396464794,0,0
51.96,125,1,52.4,129.7,2,4.72055081531805,-24.7976846058656,28,60.0976846058656,5.3788839078613,0,0
51.96,130,1,52.4,129.7,2,0.532541078227778,-12.2114803928384,18,47.5114803928384,3.50293776287199,0,0
51.96,135,1,52.4,129.7,2,5.31823278918854,-25.7934279682694,34,61.0934279682694,4.18152727117997,0,0
