3.00,19.35,0.00,4.00,-26.09
4.00,17.13,0.00,4.00,-28.36
5.00,14.91,0.00,4.00,-30.14
6.00,12.69,0.00,4.00,-50.13
7.00,10.47,0.00,4.00,-49.64
8.00,8.25,0.00,4.00,-49.12
9.00,6.03,0.00,4.00,-48.56
10.00,3.81,0.00,4.00,-47.97
11.00,1.73,0.35,4.00,-47.47
12.00,0.12,1.88,4.00,-47.45
13.00,0.00,4.05,4.00,-48.03
14.00,0.00,6.27,4.00,-48.63
15.00,0.00,8.49,4.00,-49.18
16.00,0.00,10.59,4.00,-49.67
17.00,0.00,12.71,4.00,-50.14
18.00,0.00,14.93,4.00,-50.71
19.00,0.00,17.15,4.00,-51.50
20.00,0.00,19.37,4.00,-52.24
21.00,0.00,20.99,4.00,-52.76
22.00,1.30,22.10,4.00,-53.51
23.00,2.98,23.55,4.00,-54.42
24.00,4.66,25.00,4.00,-55.28
25.00,6.35,26.44,4.00,-56.09
26.00,8.03,27.89,4.00,-56.86
27.00,9.72,29.34,4.00,-57.59
28.00,10.49,30.00,4.00,-57.91
29.00,10.49,30.00,4.00,-57.91
30.00,10.49,30.00,4.00,-57.91
31.00,10.49,30.00,4.00,-57.91
32.00,10.49,30.00,4.00,-57.91
33.00,10.49,30.00,4.00,-57.91
34.00,10.42,29.94,4.00,-57.88
35.00,8.74,28.49,4.00,-57.17
36.00,7.05,27.05,4.00,-56.41
37.00,5.37,25.60,4.00,-55.62
38.00,3.68,24.15,4.00,-54.78
39.00,2.00,22.71,4.00,-53.89
40.00,0.32,21.26,4.00,-52.95
41.00,0.00,22.79,4.00,-53.32
42.00,0.00,25.01,4.00,-53.98
43.00,0.00,27.23,4.00,-54.61
44.00,0.00,29.45,4.00,-55.22
45.00,0.00,31.67,4.00,-55.80
46.00,0.00,33.89,4.00,-56.36
47.00,0.00,36.11,4.00,-56.90
48.00,0.00,38.33,4.00,-57.42
49.00,0.00,40.55,4.00,-57.92
50.00,0.00,42.77,4.00,-58.41
51.00,0.00,44.99,4.00,-58.88
52.00,0.00,47.21,4.00,-59.34
53.00,0.00,49.43,4.00,-59.78
54.00,0.00,51.65,4.00,-60.21
55.00,0.00,53.87,4.00,-60.63
56.00,0.00,56.09,4.00,-61.03
57.00,0.00,58.31,4.00,-61.43
58.00,0.00,60.53,4.00,-61.81
59.00,0.00,62.75,4.00,-62.19
60.00,0.00,64.97,4.00,-62.55
61.00,0.00,67.19,4.00,-62.91
62.00,0.00,69.41,4.00,-63.26
63.00,0.00,71.63,4.00,-63.60
64.00,0.00,73.85,4.00,-63.93
65.00,0.00,76.07,4.00,-64.26
66.00,0.00,78.29,4.00,-64.58
67.00,0.00,80.51,4.00,-64.89
68.00,0.00,82.73,4.00,-65.19
69.00,0.00,84.95,4.00,-65.49
70.00,0.00,87.17,4.00,-65.79
71.00,0.00,89.39,4.00,-66.07
72.00,0.00,91.61,4.00,-66.36
73.00,0.00,93.83,4.00,-66.63
74.00,0.00,96.05,4.00,-66.90
75.00,0.00,98.27,4.00,-67.17
76.00,0.00,100.49,4.00,-67.43
77.00,0.00,102.71,4.00,-67.69
78.00,0.00,104.93,4.00,-67.94
79.00,0.00,107.15,4.00,-68.19
80.00,0.00,109.37,4.00,-68.44
81.00,0.00,111.59,4.00,-68.68
82.00,0.00,113.81,4.00,-68.91
83.00,0.00,116.03,4.00,-69.15
84.00,0.00,118.25,4.00,-69.38
85.00,0.00,120.47,4.00,-69.60
86.00,0.00,122.69,4.00,-69.82
87.00,0.00,124.91,4.00,-70.04
88.00,0.00,127.13,4.00,-70.26
89.00,0.00,129.35,4.00,-70.47
90.00,0.00,131.57,4.00,-70.68
91.00,0.00,133.79,4.00,-70.89
92.00,0.00,136.01,4.00,-70.93
93.00,0.00,138.23,4.00,-70.73
94.00,0.00,140.45,4.00,-70.52
95.00,0.00,142.67,4.00,-70.31
96.00,0.00,144.89,4.00,-70.09
97.00,0.00,147.11,4.00,-69.87
98.00,0.00,149.33,4.00,-69.65
99.00,0.00,151.55,4.00,-69.43
100.00,0.00,153.77,4.00,-69.20
101.00,0.00,155.99,4.00,-68.97
102.00,0.00,158.21,4.00,-68.73
103.00,0.00,160.43,4.00,-68.49
104.00,0.00,160.80,4.00,-68.45
105.00,0.00,160.80,4.00,-68.45
106.00,0.00,160.80,4.00,-68.45
107.00,0.00,160.80,4.00,-68.45
108.00,0.00,160.80,4.00,-68.45
109.00,0.00,160.80,4.00,-68.45
110.00,0.00,158.95,4.00,-68.65
111.00,0.00,156.73,4.00,-68.89
112.00,0.00,154.51,4.00,-69.12
113.00,0.00,152.29,4.00,-69.35
114.00,0.00,150.07,4.00,-69.58
115.00,0.00,147.85,4.00,-69.80
116.00,0.00,145.63,4.00,-70.02
117.00,0.00,143.41,4.00,-70.24
118.00,0.00,141.19,4.00,-70.45
119.00,0.00,138.97,4.00,-70.66
120.00,0.04,136.76,4.00,-70.87
121.00,1.64,135.23,4.00,-71.16
122.00,3.69,134.80,4.00,-71.32
123.00,5.91,134.80,4.00,-71.52
124.00,8.13,134.80,4.00,-71.71
125.00,10.35,134.80,4.00,-71.90
126.00,12.57,134.80,4.00,-72.10
127.00,14.79,134.80,4.00,-59.62
128.00,17.01,134.80,4.00,-59.39
129.00,19.23,134.80,4.00,-59.16
130.00,21.45,134.80,4.00,-58.93
131.00,23.67,134.80,4.00,-58.69
132.00,25.89,134.80,4.00,-58.45
133.00,28.11,134.80,4.00,-58.67
134.00,30.33,134.80,4.00,-58.91
135.00,32.55,134.80,4.00,-59.14
136.00,34.77,134.80,4.00,-59.37
137.00,36.99,134.80,4.00,-59.60
138.00,39.21,134.80,4.00,-72.11
139.00,41.43,134.80,4.00,-71.92
140.00,43.65,134.80,4.00,-71.73
141.00,45.87,134.80,4.00,-71.53
142.00,48.09,134.80,4.00,-71.33
143.00,50.31,134.80,4.00,-71.13
144.00,51.98,134.82,4.00,-70.99
145.00,51.96,133.21,4.00,-70.83
146.00,51.96,130.99,4.00,-70.63
147.00,51.96,129.86,4.00,-70.52
148.00,50.29,128.43,4.00,-70.54
149.00,48.61,126.98,4.00,-70.57
150.00,46.92,125.53,4.00,-70.59
151.00,45.24,124.09,4.00,-70.61
152.00,43.55,122.64,4.00,-70.63
153.00,41.87,121.19,4.00,-70.65
154.00,41.47,120.85,4.00,-70.66
155.00,41.47,120.85,4.00,-70.66
156.00,41.47,120.85,4.00,-70.66
157.00,41.47,120.85,4.00,-70.66
158.00,41.47,120.85,4.00,-70.66
159.00,41.47,120.85,4.00,-70.66
160.00,41.91,121.23,4.00,-70.65
161.00,43.60,122.68,4.00,-70.63
162.00,45.28,124.12,4.00,-70.61
163.00,46.97,125.57,4.00,-70.59
164.00,48.65,127.02,4.00,-70.56
165.00,50.33,128.46,4.00,-70.54
166.00,51.96,129.94,4.00,-70.53
167.00,51.99,132.16,4.00,-70.74
168.00,50.86,133.89,4.00,-71.00
169.00,49.00,134.80,4.00,-71.25
170.00,46.78,134.80,4.00,-71.45
171.00,44.56,134.80,4.00,-71.65
172.00,42.34,134.80,4.00,-71.84
173.00,40.12,134.80,4.00,-72.03
174.00,37.90,134.80,4.00,-59.69
175.00,35.68,134.80,4.00,-59.46
176.00,33.46,134.80,4.00,-59.24
177.00,31.24,134.80,4.00,-59.01
178.00,29.02,134.80,4.00,-58.77
179.00,26.91,134.97,4.00,-58.56
180.00,26.00,136.98,4.00,-58.68
181.00,26.00,139.20,4.00,-58.92
182.00,26.00,141.42,4.00,-59.15
183.00,26.00,143.64,4.00,-59.38
184.00,26.00,145.86,4.00,-59.60
185.00,26.00,148.08,4.00,-59.83
186.00,26.00,150.30,4.00,-60.05
187.00,26.00,152.52,4.00,-60.26
188.00,26.00,154.74,4.00,-60.47
189.00,26.00,156.96,4.00,-60.68
190.00,26.00,159.18,4.00,-60.89
191.00,26.00,160.80,4.00,-61.04
192.00,26.00,160.80,4.00,-61.04
193.00,26.00,160.80,4.00,-61.04
194.00,26.00,160.80,4.00,-61.04
195.00,26.00,160.80,4.00,-61.04
196.00,26.00,160.80,4.00,-61.04
197.00,25.80,131.86,4.00,-58.14
198.00,25.07,24.66,4.00,-36.89
199.00,23.19,0.00,4.00,-19.54
200.00,20.97,0.00,4.00,-23.92
201.00,18.75,0.00,4.00,-26.77
202.00,16.53,0.00,4.00,-28.88
203.00,14.31,0.00,4.00,-30.56
204.00,12.09,0.00,4.00,-50.00
205.00,9.87,0.00,4.00,-49.51
206.00,7.65,0.00,4.00,-48.97
207.00,5.43,0.00,4.00,-48.41
208.00,3.21,0.00,4.00,-47.80
209.00,1.30,0.77,4.00,-47.46
210.00,0.00,2.43,4.00,-47.57
211.00,0.00,4.65,4.00,-48.20
212.00,0.00,6.87,4.00,-48.78
213.00,0.00,9.09,4.00,-49.32
214.00,0.00,11.09,4.00,-49.78
215.00,0.00,13.31,4.00,-50.27
216.00,0.00,15.53,4.00,-50.93
217.00,0.00,17.75,4.00,-51.70
218.00,0.00,19.97,4.00,-52.44
219.00,0.07,21.05,4.00,-52.80
220.00,1.75,22.49,4.00,-53.76
221.00,3.44,23.94,4.00,-54.65
222.00,5.12,25.39,4.00,-55.50
223.00,6.80,26.83,4.00,-56.30
224.00,8.49,28.28,4.00,-57.06
225.00,10.17,29.73,4.00,-57.78
226.00,10.49,30.00,4.00,-57.91
227.00,10.49,30.00,4.00,-57.91
228.00,10.49,30.00,4.00,-57.91
229.00,10.49,30.00,4.00,-57.91
230.00,10.49,30.00,4.00,-57.91
231.00,10.49,30.00,4.00,-57.91
232.00,9.97,29.55,4.00,-57.69
233.00,8.28,28.10,4.00,-56.97
234.00,6.60,26.66,4.00,-56.20
235.00,4.91,25.21,4.00,-55.40
236.00,3.23,23.76,4.00,-54.55
237.00,1.55,22.32,4.00,-53.64
238.00,0.00,21.17,4.00,-52.82
239.00,0.00,23.39,4.00,-53.50
240.00,0.00,25.61,4.00,-54.15
241.00,0.00,27.83,4.00,-54.78
242.00,0.00,30.05,4.00,-55.38
243.00,0.00,32.27,4.00,-55.95
244.00,0.00,34.49,4.00,-56.51
245.00,0.00,36.71,4.00,-57.04
246.00,0.00,38.93,4.00,-57.56
247.00,0.00,41.15,4.00,-58.06
248.00,0.00,43.37,4.00,-58.54
249.00,0.00,45.59,4.00,-59.01
250.00,0.00,47.81,4.00,-59.46
251.00,0.00,50.03,4.00,-59.90
252.00,0.00,52.25,4.00,-60.32
253.00,0.00,54.47,4.00,-60.74
254.00,0.00,56.69,4.00,-61.14
255.00,0.00,58.91,4.00,-61.53
256.00,0.00,61.13,4.00,-61.92
257.00,0.00,63.35,4.00,-62.29
258.00,0.00,65.57,4.00,-62.65
259.00,0.00,67.79,4.00,-63.01
260.00,0.00,70.01,4.00,-63.35
261.00,0.00,72.23,4.00,-63.69
262.00,0.00,74.45,4.00,-64.02
263.00,0.00,76.67,4.00,-64.34
264.00,0.00,78.89,4.00,-64.66
265.00,0.00,81.11,4.00,-64.97
266.00,0.00,83.33,4.00,-65.28
267.00,0.00,85.55,4.00,-65.57
268.00,0.00,87.77,4.00,-65.86
269.00,0.00,89.99,4.00,-66.15
270.00,0.00,92.21,4.00,-66.43
271.00,0.00,94.43,4.00,-66.71
272.00,0.00,96.65,4.00,-66.98
273.00,0.00,98.87,4.00,-67.24
274.00,0.00,101.09,4.00,-67.50
275.00,0.00,103.31,4.00,-67.76
276.00,0.00,105.53,4.00,-68.01
277.00,0.00,107.75,4.00,-68.26
278.00,0.00,109.97,4.00,-68.50
279.00,0.00,112.19,4.00,-68.74
280.00,0.00,114.41,4.00,-68.98
281.00,0.00,116.63,4.00,-69.21
282.00,0.00,118.85,4.00,-69.44
283.00,0.00,121.07,4.00,-69.66
284.00,0.00,123.29,4.00,-69.88
285.00,0.00,125.51,4.00,-70.10
286.00,0.00,127.73,4.00,-70.32
287.00,0.00,129.95,4.00,-70.53
288.00,0.00,132.17,4.00,-70.74
289.00,0.00,134.39,4.00,-70.94
290.00,0.00,136.61,4.00,-70.88
291.00,0.00,138.83,4.00,-70.67
292.00,0.00,141.05,4.00,-70.46
293.00,0.00,143.27,4.00,-70.25
294.00,0.00,145.49,4.00,-70.03
295.00,0.00,147.71,4.00,-69.81
296.00,0.00,149.93,4.00,-69.59
297.00,0.00,152.15,4.00,-69.37
298.00,0.00,154.37,4.00,-69.14
299.00,0.00,156.59,4.00,-68.90
300.00,0.00,158.81,4.00,-68.67
301.00,0.00,160.80,4.00,-68.45
302.00,0.00,160.80,4.00,-68.45
303.00,0.00,160.80,4.00,-68.45
304.00,0.00,160.80,4.00,-68.45
305.00,0.00,160.80,4.00,-68.45
306.00,0.00,160.80,4.00,-68.45
307.00,0.00,160.57,4.00,-68.48
308.00,0.00,158.35,4.00,-68.72
309.00,0.00,156.13,4.00,-68.95
