1.30,0.00,-39.01
0.00,0.00,-37.78
-1.30,0.00,-39.01
1.30,1.40,-37.68
0.00,1.40,-36.22
-1.30,1.40,-37.68
1.30,2.80,-36.09
0.00,2.80,-34.28
-1.30,2.80,-36.09
1.30,4.20,-34.13
0.00,4.20,-31.75
-1.30,4.20,-34.13
1.30,5.60,-31.54
0.00,5.60,-28.08
-1.30,5.60,-31.54
1.30,7.00,-27.75
0.00,7.00,-21.31
-1.30,7.00,-27.75
1.30,8.40,-25.37
0.00,8.40,-20.52
-1.30,8.40,-25.37
1.30,9.80,-30.12
0.00,9.80,-25.82
-1.30,9.80,-30.12
1.30,11.20,-33.11
0.00,11.20,-30.37
-1.30,11.20,-33.11
1.30,12.60,-35.31
0.00,12.60,-33.29
-1.30,12.60,-35.31
1.30,14.00,-37.04
0.00,14.00,-35.44
-1.30,14.00,-37.04
1.30,15.40,-38.47
0.00,15.40,-37.15
-1.30,15.40,-38.47
1.30,16.80,-39.68
0.00,16.80,-38.56
-1.30,16.80,-39.68
1.30,18.20,-40.75
0.00,18.20,-39.77
-1.30,18.20,-40.75
1.30,19.60,-41.69
0.00,19.60,-40.82
-1.30,19.60,-41.69
1.30,21.00,-42.53
0.00,21.00,-41.75
-1.30,21.00,-42.53
1.30,22.40,-43.30
0.00,22.40,-42.59
-1.30,22.40,-43.30
1.30,23.80,-44.00
0.00,23.80,-43.35
-1.30,23.80,-44.00
1.30,25.20,-44.64
0.00,25.20,-44.04
-1.30,25.20,-44.64
1.30,26.60,-44.73
0.00,26.60,-44.14
-1.30,26.60,-44.73
1.30,28.00,-44.09
0.00,28.00,-43.45
-1.30,28.00,-44.09
1.30,29.40,-43.40
0.00,29.40,-42.70
-1.30,29.40,-43.40
1.30,30.80,-42.64
0.00,30.80,-41.87
-1.30,30.80,-42.64
1.30,32.20,-41.81
0.00,32.20,-40.96
-1.30,32.20,-41.81
1.30,33.60,-40.89
0.00,33.60,-39.92
-1.30,33.60,-40.89
1.30,35.00,-39.84
0.00,35.00,-38.74
-1.30,35.00,-39.84
1.30,36.40,-38.65
0.00,36.40,-37.36
-1.30,36.40,-38.65
1.30,37.80,-37.26
0.00,37.80,-35.71
-1.30,37.80,-37.26
1.30,39.20,-35.58
0.00,39.20,-33.63
-1.30,39.20,-35.58
1.30,40.60,-33.46
0.00,40.60,-30.86
-1.30,40.60,-33.46
1.30,42.00,-30.62
0.00,42.00,-26.64
-1.30,42.00,-30.62
1.30,43.40,-26.24
0.00,43.40,-20.52
-1.30,43.40,-26.24
1.30,44.80,-28.41
0.00,44.80,-22.69
-1.30,44.80,-28.41
1.30,46.20,-31.96
0.00,46.20,-28.72
-1.30,46.20,-31.96
1.30,47.60,-34.44
0.00,47.60,-32.16
-1.30,47.60,-34.44
1.30,49.00,-36.34
0.00,49.00,-34.59
-1.30,49.00,-36.34
1.30,50.40,-37.88
0.00,50.40,-36.46
-1.30,50.40,-37.88
1.30,51.80,-39.18
0.00,51.80,-37.98
-1.30,51.80,-39.18
1.30,53.20,-39.77
0.00,53.20,-39.27
-1.30,53.20,-39.77
1.30,54.60,-39.45
0.00,54.60,-39.14
-1.30,54.60,-39.45
1.30,56.00,-39.12
0.00,56.00,-38.80
-1.30,56.00,-39.12
1.30,57.40,-38.77
0.00,57.40,-38.44
-1.30,57.40,-38.77
1.30,58.80,-38.41
0.00,58.80,-38.06
-1.30,58.80,-38.41
1.30,60.20,-38.03
0.00,60.20,-37.66
-1.30,60.20,-38.03
1.30,61.60,-37.63
0.00,61.60,-37.25
-1.30,61.60,-37.63
1.30,63.00,-37.22
0.00,63.00,-36.81
-1.30,63.00,-37.22
1.30,64.40,-36.78
0.00,64.40,-36.35
-1.30,64.40,-36.78
1.30,65.80,-36.31
0.00,65.80,-35.86
-1.30,65.80,-36.31
1.30,67.20,-35.82
0.00,67.20,-35.34
-1.30,67.20,-35.82
1.30,68.60,-35.30
0.00,68.60,-34.78
-1.30,68.60,-35.30
1.30,70.00,-34.74
0.00,70.00,-34.19
-1.30,70.00,-34.74
1.30,71.40,-34.14
0.00,71.40,-33.54
-1.30,71.40,-34.14
1.30,72.80,-33.50
0.00,72.80,-32.85
-1.30,72.80,-33.50
1.30,74.20,-32.80
0.00,74.20,-32.09
-1.30,74.20,-32.80
1.30,75.60,-32.03
0.00,75.60,-31.25
-1.30,75.60,-32.03
1.30,77.00,-31.19
0.00,77.00,-30.32
-1.30,77.00,-31.19
1.30,78.40,-30.25
0.00,78.40,-29.27
-1.30,78.40,-30.25
1.30,79.80,-29.18
0.00,79.80,-28.06
-1.30,79.80,-29.18
1.30,81.20,-27.97
0.00,81.20,-26.65
-1.30,81.20,-27.97
1.30,82.60,-26.54
0.00,82.60,-24.94
-1.30,82.60,-26.54
1.30,84.00,-24.81
0.00,84.00,-22.79
-1.30,84.00,-24.81
1.30,85.40,-22.61
0.00,85.40,-19.87
-1.30,85.40,-22.61
1.30,86.80,-19.62
0.00,86.80,-15.32
-1.30,86.80,-19.62
1.30,88.20,-14.87
0.00,88.20,-10.02
-1.30,88.20,-14.87
1.30,89.60,-17.25
0.00,89.60,-10.81
-1.30,89.60,-17.25
1.30,91.00,-21.04
0.00,91.00,-17.58
-1.30,91.00,-21.04
1.30,92.40,-23.63
0.00,92.40,-21.25
-1.30,92.40,-23.63
1.30,93.80,-25.59
0.00,93.80,-23.78
-1.30,93.80,-25.59
1.30,95.20,-27.18
0.00,95.20,-25.72
-1.30,95.20,-27.18
1.30,96.60,-28.51
0.00,96.60,-27.28
-1.30,96.60,-28.51
1.30,98.00,-29.66
0.00,98.00,-28.60
-1.30,98.00,-29.66
1.30,99.40,-30.66
0.00,99.40,-29.73
-1.30,99.40,-30.66
1.30,100.80,-31.56
0.00,100.80,-30.73
-1.30,100.80,-31.56
1.30,102.20,-32.37
0.00,102.20,-31.62
-1.30,102.20,-32.37
1.30,103.60,-33.10
0.00,103.60,-32.42
-1.30,103.60,-33.10
1.30,105.00,-33.78
0.00,105.00,-33.15
-1.30,105.00,-33.78
1.30,106.40,-34.40
0.00,106.40,-33.83
-1.30,106.40,-34.40
1.30,107.80,-34.98
0.00,107.80,-34.45
-1.30,107.80,-34.98
1.30,109.20,-35.53
0.00,109.20,-35.02
-1.30,109.20,-35.53
1.30,110.60,-36.04
0.00,110.60,-35.56
-1.30,110.60,-36.04
1.30,112.00,-36.38
0.00,112.00,-35.93
-1.30,112.00,-36.38
1.30,113.40,-35.89
0.00,113.40,-35.41
-1.30,113.40,-35.89
1.30,114.80,-35.38
0.00,114.80,-34.86
-1.30,114.80,-35.38
1.30,116.20,-34.82
0.00,116.20,-34.27
-1.30,116.20,-34.82
1.30,117.60,-34.23
0.00,117.60,-33.64
-1.30,117.60,-34.23
1.30,119.00,-33.59
0.00,119.00,-32.95
-1.30,119.00,-33.59
1.30,120.40,-32.90
0.00,120.40,-32.20
-1.30,120.40,-32.90
1.30,121.80,-32.14
0.00,121.80,-31.37
-1.30,121.80,-32.14
1.30,123.20,-31.31
0.00,123.20,-30.46
-1.30,123.20,-31.31
1.30,124.60,-30.39
0.00,124.60,-29.42
-1.30,124.60,-30.39
1.30,126.00,-29.34
0.00,126.00,-28.24
-1.30,126.00,-29.34
1.30,127.40,-28.15
0.00,127.40,-26.86
-1.30,127.40,-28.15
1.30,128.80,-26.76
0.00,128.80,-25.21
-1.30,128.80,-26.76
1.30,130.20,-25.08
0.00,130.20,-23.13
-1.30,130.20,-25.08
1.30,131.60,-22.96
0.00,131.60,-20.36
-1.30,131.60,-22.96
1.30,133.00,-20.12
0.00,133.00,-16.14
-1.30,133.00,-20.12
1.30,134.40,-15.74
0.00,134.40,-10.02
-1.30,134.40,-15.74
27.28,0.00,-14.30
25.98,0.00,-10.02
24.68,0.00,-14.30
27.28,1.40,-19.30
25.98,1.40,-14.78
24.68,1.40,-19.30
27.28,2.80,-22.40
25.98,2.80,-19.57
24.68,2.80,-22.40
27.28,4.20,-24.64
25.98,4.20,-22.58
24.68,4.20,-24.64
27.28,5.60,-26.40
25.98,5.60,-24.78
24.68,5.60,-26.40
27.28,7.00,-27.85
25.98,7.00,-26.51
24.68,7.00,-27.85
27.28,8.40,-29.09
25.98,8.40,-27.95
24.68,8.40,-29.09
27.28,9.80,-30.16
25.98,9.80,-29.17
24.68,9.80,-30.16
27.28,11.20,-31.11
25.98,11.20,-30.23
24.68,11.20,-31.11
27.28,12.60,-31.96
25.98,12.60,-31.17
24.68,12.60,-31.96
27.28,14.00,-32.73
25.98,14.00,-32.02
24.68,14.00,-32.73
27.28,15.40,-33.44
25.98,15.40,-32.79
24.68,15.40,-33.44
27.28,16.80,-34.09
25.98,16.80,-33.49
24.68,16.80,-34.09
27.28,18.20,-33.50
25.98,18.20,-30.91
24.68,18.20,-33.50
27.28,19.60,-30.67
25.98,19.60,-26.72
24.68,19.60,-30.67
27.28,21.00,-26.32
25.98,21.00,-20.52
24.68,21.00,-26.32
27.28,22.40,-28.47
25.98,22.40,-22.81
24.68,22.40,-28.47
27.28,23.80,-32.00
25.98,23.80,-28.78
24.68,23.80,-32.00
27.28,25.20,-34.47
25.98,25.20,-32.20
24.68,25.20,-34.47
27.28,26.60,-33.95
25.98,26.60,-33.34
24.68,26.60,-33.95
27.28,28.00,-33.29
25.98,28.00,-32.63
24.68,28.00,-33.29
27.28,29.40,-32.57
25.98,29.40,-31.84
24.68,29.40,-32.57
27.28,30.80,-31.79
25.98,30.80,-30.98
24.68,30.80,-31.79
27.28,32.20,-30.92
25.98,32.20,-30.02
24.68,32.20,-30.92
27.28,33.60,-29.94
25.98,33.60,-28.92
24.68,33.60,-29.94
27.28,35.00,-28.84
25.98,35.00,-27.66
24.68,35.00,-28.84
27.28,36.40,-27.56
25.98,36.40,-26.17
24.68,36.40,-27.56
27.28,37.80,-26.05
25.98,37.80,-24.35
24.68,37.80,-26.05
27.28,39.20,-24.21
25.98,39.20,-22.02
24.68,39.20,-24.21
27.28,40.60,-21.82
25.98,40.60,-18.75
24.68,40.60,-21.82
27.28,42.00,-18.46
25.98,42.00,-13.26
24.68,42.00,-18.46
27.28,43.40,-12.68
25.98,43.40,-10.02
24.68,43.40,-12.68
27.28,44.80,-18.46
25.98,44.80,-13.26
24.68,44.80,-18.46
27.28,46.20,-21.82
25.98,46.20,-18.75
24.68,46.20,-21.82
27.28,47.60,-24.21
25.98,47.60,-22.02
24.68,47.60,-24.21
27.28,49.00,-26.05
25.98,49.00,-24.35
24.68,49.00,-26.05
27.28,50.40,-27.56
25.98,50.40,-26.17
24.68,50.40,-27.56
27.28,51.80,-28.84
25.98,51.80,-27.66
24.68,51.80,-28.84
27.28,53.20,-29.94
25.98,53.20,-28.92
24.68,53.20,-29.94
27.28,54.60,-30.92
25.98,54.60,-30.02
24.68,54.60,-30.92
27.28,56.00,-31.79
25.98,56.00,-30.98
24.68,56.00,-31.79
27.28,57.40,-32.57
25.98,57.40,-31.84
24.68,57.40,-32.57
27.28,58.80,-33.29
25.98,58.80,-32.63
24.68,58.80,-33.29
27.28,60.20,-33.95
25.98,60.20,-33.34
24.68,60.20,-33.95
27.28,61.60,-34.57
25.98,61.60,-34.00
24.68,61.60,-34.57
27.28,63.00,-35.14
25.98,63.00,-34.61
24.68,63.00,-35.14
27.28,64.40,-35.67
25.98,64.40,-35.17
24.68,64.40,-35.67
27.28,65.80,-36.17
25.98,65.80,-35.71
24.68,65.80,-36.17
27.28,67.20,-36.64
25.98,67.20,-36.20
24.68,67.20,-36.64
27.28,68.60,-37.09
25.98,68.60,-36.67
24.68,68.60,-37.09
27.28,70.00,-37.51
25.98,70.00,-37.12
24.68,70.00,-37.51
27.28,71.40,-37.91
25.98,71.40,-37.54
24.68,71.40,-37.91
27.28,72.80,-38.30
25.98,72.80,-37.94
24.68,72.80,-38.30
27.28,74.20,-38.67
25.98,74.20,-38.33
24.68,74.20,-38.67
27.28,75.60,-39.02
25.98,75.60,-38.69
24.68,75.60,-39.02
27.28,77.00,-39.35
25.98,77.00,-39.04
24.68,77.00,-39.35
27.28,78.40,-39.68
25.98,78.40,-38.76
24.68,78.40,-39.68
27.28,79.80,-38.67
25.98,79.80,-37.39
24.68,79.80,-38.67
27.28,81.20,-37.28
25.98,81.20,-35.73
24.68,81.20,-37.28
27.28,82.60,-35.60
25.98,82.60,-33.67
24.68,82.60,-35.60
27.28,84.00,-33.50
25.98,84.00,-30.91
24.68,84.00,-33.50
27.28,85.40,-30.67
25.98,85.40,-26.72
24.68,85.40,-30.67
27.28,86.80,-26.32
25.98,86.80,-20.52
24.68,86.80,-26.32
27.28,88.20,-28.47
25.98,88.20,-22.81
24.68,88.20,-28.47
27.28,89.60,-32.00
25.98,89.60,-28.78
24.68,89.60,-32.00
27.28,91.00,-34.47
25.98,91.00,-32.20
24.68,91.00,-34.47
27.28,92.40,-36.36
25.98,92.40,-34.62
24.68,92.40,-36.36
27.28,93.80,-37.90
25.98,93.80,-36.48
24.68,93.80,-37.90
27.28,95.20,-39.20
25.98,95.20,-38.00
24.68,95.20,-39.20
27.28,96.60,-40.32
25.98,96.60,-39.29
24.68,96.60,-40.32
27.28,98.00,-41.31
25.98,98.00,-40.40
24.68,98.00,-41.31
27.28,99.40,-42.19
25.98,99.40,-41.38
24.68,99.40,-42.19
27.28,100.80,-42.99
25.98,100.80,-42.25
24.68,100.80,-42.99
27.28,102.20,-43.71
25.98,102.20,-43.04
24.68,102.20,-43.71
27.28,103.60,-44.38
25.98,103.60,-43.76
24.68,103.60,-44.38
27.28,105.00,-45.00
25.98,105.00,-44.43
24.68,105.00,-45.00
27.28,106.40,-45.57
25.98,106.40,-45.04
24.68,106.40,-45.57
27.28,107.80,-46.11
25.98,107.80,-45.61
24.68,107.80,-46.11
27.28,109.20,-45.77
25.98,109.20,-45.25
24.68,109.20,-45.77
27.28,110.60,-45.21
25.98,110.60,-44.65
24.68,110.60,-45.21
27.28,112.00,-44.61
25.98,112.00,-44.01
24.68,112.00,-44.61
27.28,113.40,-43.96
25.98,113.40,-43.31
24.68,113.40,-43.96
27.28,114.80,-43.25
25.98,114.80,-42.54
24.68,114.80,-43.25
27.28,116.20,-42.48
25.98,116.20,-41.70
24.68,116.20,-42.48
27.28,117.60,-41.64
25.98,117.60,-40.76
24.68,117.60,-41.64
27.28,119.00,-40.69
25.98,119.00,-39.70
24.68,119.00,-40.69
27.28,120.40,-39.62
25.98,120.40,-38.49
24.68,120.40,-39.62
27.28,121.80,-38.39
25.98,121.80,-37.06
24.68,121.80,-38.39
27.28,123.20,-36.95
25.98,123.20,-35.33
24.68,123.20,-36.95
27.28,124.60,-35.20
25.98,124.60,-33.15
24.68,124.60,-35.20
27.28,126.00,-32.97
25.98,126.00,-30.17
24.68,126.00,-32.97
27.28,127.40,-29.91
25.98,127.40,-25.46
24.68,127.40,-29.91
27.28,128.80,-25.00
25.98,128.80,-20.52
24.68,128.80,-25.00
27.28,130.20,-28.15
25.98,130.20,-22.16
24.68,130.20,-28.15
27.28,131.60,-31.79
25.98,131.60,-28.47
24.68,131.60,-31.79
27.28,133.00,-34.31
25.98,133.00,-32.00
24.68,133.00,-34.31
27.28,134.40,-36.24
25.98,134.40,-34.47
24.68,134.40,-36.24
53.26,0.00,-47.24
51.96,0.00,-46.83
50.66,0.00,-47.24
53.26,1.40,-47.65
51.96,1.40,-47.27
50.66,1.40,-47.65
53.26,2.80,-48.05
51.96,2.80,-47.68
50.66,2.80,-48.05
53.26,4.20,-48.43
51.96,4.20,-48.08
50.66,4.20,-48.43
53.26,5.60,-48.79
51.96,5.60,-48.45
50.66,5.60,-48.79
53.26,7.00,-49.13
51.96,7.00,-48.81
50.66,7.00,-49.13
53.26,8.40,-48.97
51.96,8.40,-48.62
50.66,8.40,-48.97
53.26,9.80,-48.60
51.96,9.80,-48.23
50.66,9.80,-48.60
53.26,11.20,-48.20
51.96,11.20,-47.82
50.66,11.20,-48.20
53.26,12.60,-47.79
51.96,12.60,-47.39
50.66,12.60,-47.79
53.26,14.00,-47.35
51.96,14.00,-46.93
50.66,14.00,-47.35
53.26,15.40,-46.90
51.96,15.40,-46.44
50.66,15.40,-46.90
53.26,16.80,-46.41
51.96,16.80,-45.93
50.66,16.80,-46.41
53.26,18.20,-45.89
51.96,18.20,-45.38
50.66,18.20,-45.89
53.26,19.60,-45.34
51.96,19.60,-44.79
50.66,19.60,-45.34
53.26,21.00,-44.75
51.96,21.00,-44.16
50.66,21.00,-44.75
53.26,22.40,-44.11
51.96,22.40,-43.47
50.66,22.40,-44.11
53.26,23.80,-43.42
51.96,23.80,-42.72
50.66,23.80,-43.42
53.26,25.20,-42.67
51.96,25.20,-41.90
50.66,25.20,-42.67
53.26,26.60,-41.84
51.96,26.60,-40.98
50.66,26.60,-41.84
53.26,28.00,-40.91
51.96,28.00,-39.96
50.66,28.00,-40.91
53.26,29.40,-39.88
51.96,29.40,-38.78
50.66,29.40,-39.88
53.26,30.80,-38.69
51.96,30.80,-37.41
50.66,30.80,-38.69
53.26,32.20,-37.30
51.96,32.20,-35.76
50.66,32.20,-37.30
53.26,33.60,-35.63
51.96,33.60,-33.70
50.66,33.60,-35.63
53.26,35.00,-33.53
51.96,35.00,-30.95
50.66,35.00,-33.53
53.26,36.40,-30.72
51.96,36.40,-26.80
50.66,36.40,-30.72
53.26,37.80,-26.40
51.96,37.80,-20.52
50.66,37.80,-26.40
53.26,39.20,-26.40
51.96,39.20,-20.52
50.66,39.20,-26.40
53.26,40.60,-30.72
51.96,40.60,-26.80
50.66,40.60,-30.72
53.26,42.00,-33.53
51.96,42.00,-30.95
50.66,42.00,-33.53
53.26,43.40,-35.63
51.96,43.40,-33.70
50.66,43.40,-35.63
53.26,44.80,-37.30
51.96,44.80,-35.76
50.66,44.80,-37.30
53.26,46.20,-38.69
51.96,46.20,-37.41
50.66,46.20,-38.69
53.26,47.60,-39.88
51.96,47.60,-38.78
50.66,47.60,-39.88
53.26,49.00,-39.85
51.96,49.00,-39.55
50.66,49.00,-39.85
53.26,50.40,-39.53
51.96,50.40,-39.23
50.66,50.40,-39.53
53.26,51.80,-39.20
51.96,51.80,-38.88
50.66,51.80,-39.20
53.26,53.20,-38.86
51.96,53.20,-38.53
50.66,53.20,-38.86
53.26,54.60,-38.50
51.96,54.60,-38.15
50.66,54.60,-38.50
53.26,56.00,-38.12
51.96,56.00,-37.76
50.66,56.00,-38.12
53.26,57.40,-37.73
51.96,57.40,-37.35
50.66,57.40,-37.73
53.26,58.80,-37.32
51.96,58.80,-36.92
50.66,58.80,-37.32
53.26,60.20,-36.89
51.96,60.20,-36.46
50.66,60.20,-36.89
53.26,61.60,-36.43
51.96,61.60,-35.98
50.66,61.60,-36.43
53.26,63.00,-35.94
51.96,63.00,-35.47
50.66,63.00,-35.94
53.26,64.40,-35.43
51.96,64.40,-34.92
50.66,64.40,-35.43
53.26,65.80,-34.88
51.96,65.80,-34.33
50.66,65.80,-34.88
53.26,67.20,-34.29
51.96,67.20,-33.70
50.66,67.20,-34.29
53.26,68.60,-33.66
51.96,68.60,-33.02
50.66,68.60,-33.66
53.26,70.00,-32.97
51.96,70.00,-32.28
50.66,70.00,-32.97
53.26,71.40,-32.22
51.96,71.40,-31.46
50.66,71.40,-32.22
53.26,72.80,-31.40
51.96,72.80,-30.55
50.66,72.80,-31.40
53.26,74.20,-30.48
51.96,74.20,-29.53
50.66,74.20,-30.48
53.26,75.60,-29.46
51.96,75.60,-28.37
50.66,75.60,-29.46
53.26,77.00,-28.28
51.96,77.00,-27.01
50.66,77.00,-28.28
53.26,78.40,-26.91
51.96,78.40,-25.39
50.66,78.40,-26.91
53.26,79.80,-25.26
51.96,79.80,-23.37
50.66,79.80,-25.26
53.26,81.20,-23.20
51.96,81.20,-20.68
50.66,81.20,-23.20
53.26,82.60,-20.45
51.96,82.60,-16.68
50.66,82.60,-20.45
53.26,84.00,-16.30
51.96,84.00,-10.02
50.66,84.00,-16.30
53.26,85.40,-17.04
51.96,85.40,-10.34
50.66,85.40,-17.04
53.26,86.80,-20.91
51.96,86.80,-17.38
50.66,86.80,-20.91
53.26,88.20,-23.53
51.96,88.20,-21.12
50.66,88.20,-23.53
53.26,89.60,-25.52
51.96,89.60,-23.69
50.66,89.60,-25.52
53.26,91.00,-27.12
51.96,91.00,-25.64
50.66,91.00,-27.12
53.26,92.40,-28.46
51.96,92.40,-27.22
50.66,92.40,-28.46
53.26,93.80,-29.61
51.96,93.80,-28.55
50.66,93.80,-29.61
53.26,95.20,-30.62
51.96,95.20,-29.69
50.66,95.20,-30.62
53.26,96.60,-31.52
51.96,96.60,-30.69
50.66,96.60,-31.52
53.26,98.00,-32.33
51.96,98.00,-31.58
50.66,98.00,-32.33
53.26,99.40,-33.07
51.96,99.40,-32.39
50.66,99.40,-33.07
53.26,100.80,-33.75
51.96,100.80,-33.12
50.66,100.80,-33.75
53.26,102.20,-34.38
51.96,102.20,-33.80
50.66,102.20,-34.38
53.26,103.60,-34.96
51.96,103.60,-34.42
50.66,103.60,-34.96
53.26,105.00,-35.50
51.96,105.00,-35.00
50.66,105.00,-35.50
53.26,106.40,-36.02
51.96,106.40,-35.54
50.66,106.40,-36.02
53.26,107.80,-36.50
51.96,107.80,-36.05
50.66,107.80,-36.50
53.26,109.20,-36.95
51.96,109.20,-36.53
50.66,109.20,-36.95
53.26,110.60,-37.38
51.96,110.60,-36.98
50.66,110.60,-37.38
53.26,112.00,-37.79
51.96,112.00,-37.41
50.66,112.00,-37.79
53.26,113.40,-38.18
51.96,113.40,-37.82
50.66,113.40,-38.18
53.26,114.80,-38.55
51.96,114.80,-38.21
50.66,114.80,-38.55
53.26,116.20,-38.91
51.96,116.20,-38.58
50.66,116.20,-38.91
53.26,117.60,-39.25
51.96,117.60,-38.93
50.66,117.60,-39.25
53.26,119.00,-39.58
51.96,119.00,-39.27
50.66,119.00,-39.58
53.26,120.40,-39.89
51.96,120.40,-39.30
50.66,120.40,-39.89
53.26,121.80,-39.22
51.96,121.80,-38.02
50.66,121.80,-39.22
53.26,123.20,-37.92
51.96,123.20,-36.51
50.66,123.20,-37.92
53.26,124.60,-36.39
51.96,124.60,-34.65
50.66,124.60,-36.39
53.26,126.00,-34.50
51.96,126.00,-32.24
50.66,126.00,-34.50
53.26,127.40,-32.04
51.96,127.40,-28.84
50.66,127.40,-32.04
53.26,128.80,-28.53
51.96,128.80,-22.94
50.66,128.80,-28.53
53.26,130.20,-27.18
51.96,130.20,-20.52
50.66,130.20,-27.18
53.26,131.60,-31.18
51.96,131.60,-27.54
50.66,131.60,-31.18
53.26,133.00,-33.87
51.96,133.00,-31.41
50.66,133.00,-33.87
53.26,134.40,-35.89
51.96,134.40,-34.03
50.66,134.40,-35.89
0.00,133.55,-13.64
0.00,134.85,-10.02
0.00,136.15,-13.09
1.40,133.55,-18.95
1.40,134.85,-14.15
1.40,136.15,-18.66
2.80,133.55,-22.15
2.80,134.85,-19.22
2.80,136.15,-21.96
4.20,133.55,-24.45
4.20,134.85,-22.34
4.20,136.15,-24.31
5.60,133.55,-26.25
5.60,134.85,-24.60
5.60,136.15,-26.14
7.00,133.55,-27.73
7.00,134.85,-26.37
7.00,136.15,-27.63
8.40,133.55,-28.98
8.40,134.85,-27.82
8.40,136.15,-28.90
9.80,133.55,-30.07
9.80,134.85,-29.06
9.80,136.15,-29.99
11.20,133.55,-31.03
11.20,134.85,-30.14
11.20,136.15,-30.96
12.60,133.55,-31.89
12.60,134.85,-31.09
12.60,136.15,-31.83
14.00,133.55,-43.68
14.00,134.85,-44.30
14.00,136.15,-44.88
15.40,133.55,-42.95
15.40,134.85,-43.63
15.40,136.15,-44.26
16.80,133.55,-42.15
16.80,134.85,-42.89
16.80,136.15,-43.58
18.20,133.55,-41.26
18.20,134.85,-42.09
18.20,136.15,-42.84
19.60,133.55,-40.27
19.60,134.85,-41.20
19.60,136.15,-42.03
21.00,133.55,-39.14
21.00,134.85,-40.19
21.00,136.15,-41.13
22.40,133.55,-37.83
22.40,134.85,-39.05
22.40,136.15,-40.12
23.80,133.55,-36.28
23.80,134.85,-37.73
23.80,136.15,-38.97
25.20,133.55,-34.36
25.20,134.85,-36.15
25.20,136.15,-37.63
26.60,133.55,-34.11
26.60,134.85,-35.95
26.60,136.15,-37.46
28.00,133.55,-36.08
28.00,134.85,-37.57
28.00,136.15,-38.82
29.40,133.55,-37.67
29.40,134.85,-38.91
29.40,136.15,-39.99
30.80,133.55,-39.00
30.80,134.85,-40.07
30.80,136.15,-41.02
32.20,133.55,-40.15
32.20,134.85,-41.09
32.20,136.15,-41.93
33.60,133.55,-41.16
33.60,134.85,-41.99
33.60,136.15,-42.75
35.00,133.55,-42.05
35.00,134.85,-42.81
35.00,136.15,-43.50
36.40,133.55,-42.86
36.40,134.85,-43.55
36.40,136.15,-44.18
37.80,133.55,-43.60
37.80,134.85,-44.23
37.80,136.15,-44.81
39.20,133.55,-43.92
39.20,134.85,-44.53
39.20,136.15,-45.10
40.60,133.55,-43.22
40.60,134.85,-43.88
40.60,136.15,-44.49
42.00,133.55,-42.44
42.00,134.85,-43.16
42.00,136.15,-43.83
43.40,133.55,-41.59
43.40,134.85,-42.39
43.40,136.15,-43.11
44.80,133.55,-40.64
44.80,134.85,-41.53
44.80,136.15,-42.33
46.20,133.55,-39.56
46.20,134.85,-40.57
46.20,136.15,-41.46
47.60,133.55,-38.32
47.60,134.85,-39.48
47.60,136.15,-40.49
49.00,133.55,-36.87
49.00,134.85,-38.23
49.00,136.15,-39.40
50.40,133.55,-35.10
50.40,134.85,-36.75
50.40,136.15,-38.13
51.80,133.55,-32.84
51.80,134.85,-34.95
51.80,136.15,-36.64
0.00,-1.30,-39.01
0.00,0.00,-37.78
0.00,1.30,-36.34
1.40,-1.30,-40.16
1.40,0.00,-39.10
1.40,1.30,-37.88
2.80,-1.30,-41.16
2.80,0.00,-40.23
2.80,1.30,-39.18
4.20,-1.30,-42.06
4.20,0.00,-41.23
4.20,1.30,-40.31
5.60,-1.30,-42.87
5.60,0.00,-42.12
5.60,1.30,-41.30
7.00,-1.30,-43.60
7.00,0.00,-42.92
7.00,1.30,-42.18
8.40,-1.30,-44.28
8.40,0.00,-43.65
8.40,1.30,-42.98
9.80,-1.30,-44.90
9.80,0.00,-44.33
9.80,1.30,-43.70
11.20,-1.30,-45.48
11.20,0.00,-44.95
11.20,1.30,-44.37
12.60,-1.30,-46.03
12.60,0.00,-45.52
12.60,1.30,-44.99
14.00,-1.30,-31.22
14.00,0.00,-30.77
14.00,1.30,-31.59
15.40,-1.30,-30.29
15.40,0.00,-29.78
15.40,1.30,-30.70
16.80,-1.30,-29.23
16.80,0.00,-28.65
16.80,1.30,-29.70
18.20,-1.30,-28.02
18.20,0.00,-27.34
18.20,1.30,-28.56
19.60,-1.30,-26.60
19.60,0.00,-25.79
19.60,1.30,-27.24
21.00,-1.30,-24.89
21.00,0.00,-23.88
21.00,1.30,-25.67
22.40,-1.30,-22.72
22.40,0.00,-21.38
22.40,1.30,-23.72
23.80,-1.30,-19.77
23.80,0.00,-17.78
23.80,1.30,-21.17
25.20,-1.30,-15.14
25.20,0.00,-11.25
25.20,1.30,-17.45
26.60,-1.30,-14.40
26.60,0.00,-10.02
26.60,1.30,-16.89
28.00,-1.30,-19.36
28.00,0.00,-17.25
28.00,1.30,-20.82
29.40,-1.30,-22.43
29.40,0.00,-21.04
29.40,1.30,-23.47
30.80,-1.30,-24.67
30.80,0.00,-23.63
30.80,1.30,-25.47
32.20,-1.30,-26.42
32.20,0.00,-25.59
32.20,1.30,-27.08
33.60,-1.30,-27.87
33.60,0.00,-27.18
33.60,1.30,-28.42
35.00,-1.30,-29.10
35.00,0.00,-28.51
35.00,1.30,-29.58
36.40,-1.30,-30.17
36.40,0.00,-29.66
36.40,1.30,-30.59
37.80,-1.30,-31.12
37.80,0.00,-30.66
37.80,1.30,-31.50
39.20,-1.30,-49.87
39.20,0.00,-50.15
39.20,1.30,-50.42
40.60,-1.30,-49.55
40.60,0.00,-49.84
40.60,1.30,-50.13
42.00,-1.30,-49.22
42.00,0.00,-49.53
42.00,1.30,-49.82
43.40,-1.30,-48.88
43.40,0.00,-49.20
43.40,1.30,-49.50
44.80,-1.30,-48.52
44.80,0.00,-48.85
44.80,1.30,-49.17
46.20,-1.30,-48.15
46.20,0.00,-48.49
46.20,1.30,-48.83
47.60,-1.30,-47.76
47.60,0.00,-48.12
47.60,1.30,-48.47
49.00,-1.30,-47.34
49.00,0.00,-47.73
49.00,1.30,-48.09
50.40,-1.30,-46.91
50.40,0.00,-47.31
50.40,1.30,-47.70
51.80,-1.30,-46.46
51.80,0.00,-46.88
51.80,1.30,-47.28
0.00,6.70,-23.30
0.00,8.00,-20.52
0.00,9.30,-23.30
1.40,6.70,-29.02
1.40,8.00,-23.87
1.40,9.30,-29.02
2.80,6.70,-32.36
2.80,8.00,-29.31
2.80,9.30,-32.36
4.20,6.70,-34.74
4.20,8.00,-32.56
4.20,9.30,-34.74
5.60,6.70,-36.58
5.60,8.00,-34.88
5.60,9.30,-36.58
7.00,6.70,-38.08
7.00,8.00,-36.70
7.00,9.30,-38.08
25.98,6.70,-26.17
25.98,8.00,-27.56
25.98,9.30,-28.75
27.38,6.70,-27.66
27.38,8.00,-28.84
27.38,9.30,-29.87
28.78,6.70,-28.92
28.78,8.00,-29.94
28.78,9.30,-30.85
30.18,6.70,-30.02
30.18,8.00,-30.92
30.18,9.30,-31.73
31.58,6.70,-30.98
31.58,8.00,-31.79
31.58,9.30,-32.52
32.98,6.70,-31.84
32.98,8.00,-32.57
32.98,9.30,-33.24
0.85,20.00,-41.65
0.00,20.99,-41.74
-0.85,21.98,-42.82
1.91,20.92,-42.83
1.06,21.90,-42.90
0.21,22.89,-42.98
2.97,21.83,-43.85
2.12,22.81,-43.92
1.28,23.80,-43.99
4.03,22.74,-44.76
3.19,23.73,-44.82
2.34,24.71,-44.88
5.10,23.65,-45.58
4.25,24.64,-45.64
3.40,25.62,-45.69
6.16,24.56,-46.33
5.31,25.55,-46.38
4.46,26.54,-46.04
7.22,25.48,-47.01
6.37,26.46,-46.75
5.52,27.45,-46.09
8.28,26.39,-47.40
7.43,27.37,-46.80
6.59,28.36,-46.15
9.34,27.30,-47.45
8.50,28.29,-46.85
7.65,29.27,-46.20
10.41,28.21,-47.50
9.56,29.20,-46.90
8.71,30.19,-46.26
25.13,40.00,-22.11
25.98,39.01,-22.38
26.83,38.02,-25.21
24.07,39.08,-25.21
24.92,38.10,-25.39
25.77,37.11,-25.57
23.01,38.17,-27.46
23.86,37.19,-27.60
24.70,36.20,-27.74
21.95,37.26,-29.23
22.79,36.27,-29.34
23.64,35.29,-29.45
20.88,36.35,-30.68
21.73,35.36,-30.77
22.58,34.38,-30.87
19.82,35.44,-31.92
20.67,34.45,-32.00
21.52,33.46,-32.08
18.76,34.52,-32.99
19.61,33.54,-33.06
20.46,32.55,-33.13
17.70,33.61,-33.94
18.55,32.63,-34.00
19.39,31.64,-34.07
16.64,32.70,-34.79
17.48,31.71,-34.85
18.33,30.73,-34.91
15.57,31.79,-35.56
16.42,30.80,-35.62
17.27,29.81,-35.67
26.83,20.00,-28.29
25.98,20.99,-20.52
25.13,21.98,-25.10
27.89,20.92,-28.76
27.04,21.90,-25.75
26.19,22.89,-26.33
28.95,21.83,-31.36
28.10,22.81,-31.66
27.26,23.80,-31.95
30.01,22.74,-34.87
29.17,23.73,-35.07
28.32,24.71,-35.19
31.08,23.65,-36.56
30.23,24.64,-35.93
29.38,25.62,-35.24
32.14,24.56,-36.61
31.29,25.55,-35.98
30.44,26.54,-35.30
33.20,25.48,-36.66
32.35,26.46,-36.03
31.50,27.45,-35.36
34.26,26.39,-36.70
33.41,27.37,-36.09
32.57,28.36,-35.42
35.32,27.30,-36.75
34.48,28.29,-36.14
33.63,29.27,-35.47
36.39,28.21,-36.80
35.54,29.20,-36.19
34.69,30.19,-35.53
51.11,40.00,-27.69
51.96,39.01,-20.52
52.81,38.02,-23.07
50.05,39.08,-28.19
50.90,38.10,-23.89
51.75,37.11,-24.62
48.99,38.17,-30.47
49.84,37.19,-30.81
50.68,36.20,-31.13
47.93,37.26,-34.30
48.77,36.27,-34.52
49.62,35.29,-34.72
46.86,36.35,-36.91
47.71,35.36,-37.07
48.56,34.38,-37.22
45.80,35.44,-38.89
46.65,34.45,-39.01
47.50,33.46,-39.13
44.74,34.52,-40.48
45.59,33.54,-40.58
46.44,32.55,-40.68
43.68,33.61,-41.82
44.53,32.63,-41.90
45.37,31.64,-41.99
42.62,32.70,-42.97
43.46,31.71,-43.04
44.31,30.73,-43.12
41.55,31.79,-43.98
42.40,30.80,-44.04
43.25,29.81,-44.11
0.85,42.72,-27.14
0.00,43.70,-20.52
-0.85,44.69,-26.38
1.91,43.63,-27.68
1.06,44.61,-26.94
0.21,45.60,-27.45
2.97,44.54,-31.98
2.12,45.53,-32.26
1.28,46.51,-32.54
4.03,45.45,-35.29
3.19,46.44,-35.48
2.34,47.42,-35.66
5.10,46.36,-37.64
4.25,47.35,-37.78
3.40,48.34,-37.92
6.16,47.28,-39.47
5.31,48.26,-39.58
4.46,49.25,-39.69
7.22,48.19,-40.96
6.37,49.18,-41.06
5.52,50.16,-41.15
8.28,49.10,-42.23
7.43,50.09,-42.31
6.59,51.07,-41.94
9.34,50.01,-43.16
8.50,51.00,-42.59
7.65,51.99,-41.99
10.41,50.93,-43.21
9.56,51.91,-42.63
8.71,52.90,-42.04
25.13,62.71,-34.84
25.98,61.72,-34.05
26.83,60.74,-33.99
24.07,61.80,-34.90
24.92,60.81,-34.12
25.77,59.82,-33.26
23.01,60.88,-34.96
23.86,59.90,-34.19
24.70,58.91,-33.34
21.95,59.97,-35.02
22.79,58.99,-34.25
23.64,58.00,-33.41
20.88,59.06,-35.08
21.73,58.07,-34.32
22.58,57.09,-33.48
19.82,58.15,-35.14
20.67,57.16,-34.38
21.52,56.18,-33.55
18.76,57.24,-35.20
19.61,56.25,-34.45
20.46,55.26,-33.62
17.70,56.32,-35.25
18.55,55.34,-34.51
19.39,54.35,-33.69
16.64,55.41,-35.31
17.48,54.43,-34.57
18.33,53.44,-33.76
15.57,54.50,-35.37
16.42,53.51,-34.64
17.27,52.53,-33.83
26.83,42.72,-13.96
25.98,43.70,-10.02
25.13,44.69,-16.58
27.89,43.63,-16.59
27.04,44.61,-17.09
26.19,45.60,-17.57
28.95,44.54,-21.85
28.10,45.53,-22.11
27.26,46.51,-22.38
30.01,45.45,-25.03
29.17,46.44,-25.21
28.32,47.42,-25.39
31.08,46.36,-27.32
30.23,47.35,-27.46
29.38,48.34,-27.60
32.14,47.28,-29.11
31.29,48.26,-29.23
30.44,49.25,-29.34
33.20,48.19,-30.59
32.35,49.18,-30.68
31.50,50.16,-30.77
34.26,49.10,-31.83
33.41,50.09,-31.92
32.57,51.07,-32.00
35.32,50.01,-32.92
34.48,51.00,-32.99
33.63,51.99,-33.06
36.39,50.93,-33.88
35.54,51.91,-33.94
34.69,52.90,-34.00
51.11,62.71,-35.89
51.96,61.72,-35.94
52.81,60.74,-36.57
50.05,61.80,-36.57
50.90,60.81,-36.61
51.75,59.82,-36.66
48.99,60.88,-37.19
49.84,59.90,-37.24
50.68,58.91,-37.28
47.93,59.97,-37.78
48.77,58.99,-37.82
49.62,58.00,-37.86
46.86,59.06,-38.32
47.71,58.07,-38.36
48.56,57.09,-38.40
45.80,58.15,-38.84
46.65,57.16,-38.87
47.50,56.18,-38.90
44.74,57.24,-39.32
45.59,56.25,-39.35
46.44,55.26,-39.38
43.68,56.32,-39.77
44.53,55.34,-39.80
45.37,54.35,-39.83
42.62,55.41,-40.20
43.46,54.43,-40.23
44.31,53.44,-40.26
41.55,54.50,-40.73
42.40,53.51,-40.78
43.25,52.53,-40.83
0.85,65.43,-36.29
0.00,66.41,-35.63
-0.85,67.40,-35.58
1.91,66.34,-36.34
1.06,67.33,-35.69
0.21,68.31,-34.99
2.97,67.25,-36.39
2.12,68.24,-35.74
1.28,69.22,-35.05
4.03,68.16,-36.44
3.19,69.15,-35.80
2.34,70.14,-35.10
5.10,69.08,-36.49
4.25,70.06,-35.85
3.40,71.05,-35.16
6.16,69.99,-36.54
5.31,70.98,-35.91
4.46,71.96,-35.22
7.22,70.90,-36.59
6.37,71.89,-35.96
5.52,72.87,-35.28
8.28,71.81,-36.64
7.43,72.80,-36.01
6.59,73.79,-35.34
9.34,72.73,-36.69
8.50,73.71,-36.07
7.65,74.70,-35.40
10.41,73.64,-36.73
9.56,74.62,-36.12
8.71,75.61,-35.45
25.13,85.42,-29.43
25.98,84.44,-29.82
26.83,83.45,-33.66
24.07,84.51,-33.67
24.92,83.52,-33.90
25.77,82.54,-34.12
23.01,83.60,-36.45
23.86,82.61,-36.62
24.70,81.63,-36.78
21.95,82.69,-38.53
22.79,81.70,-38.66
23.64,80.71,-38.78
20.88,81.77,-40.19
21.73,80.79,-40.29
22.58,79.80,-40.40
19.82,80.86,-41.57
20.67,79.87,-41.13
21.52,78.89,-40.47
18.76,79.95,-41.82
19.61,78.96,-41.19
20.46,77.98,-40.53
17.70,79.04,-41.87
18.55,78.05,-41.24
19.39,77.06,-40.58
16.64,78.12,-41.92
17.48,77.14,-41.29
18.33,76.15,-40.64
15.57,77.21,-41.97
16.42,76.23,-41.34
17.27,75.24,-40.69
26.83,65.43,-35.88
25.98,66.41,-35.93
25.13,67.40,-36.56
27.89,66.34,-36.56
27.04,67.33,-36.60
26.19,68.31,-36.65
28.95,67.25,-37.19
28.10,68.24,-37.23
27.26,69.22,-37.27
30.01,68.16,-37.77
29.17,69.15,-37.81
28.32,70.14,-37.85
31.08,69.08,-38.32
30.23,70.06,-38.35
29.38,71.05,-38.39
32.14,69.99,-38.83
31.29,70.98,-38.86
30.44,71.96,-38.90
33.20,70.90,-39.31
32.35,71.89,-39.34
31.50,72.87,-39.38
34.26,71.81,-39.77
33.41,72.80,-39.80
32.57,73.79,-39.83
35.32,72.73,-40.20
34.48,73.71,-40.23
33.63,74.70,-40.26
36.39,73.64,-40.72
35.54,74.62,-40.78
34.69,75.61,-40.83
51.11,85.42,-15.36
51.96,84.44,-10.02
52.81,83.45,-16.67
50.05,84.51,-16.67
50.90,83.52,-17.17
51.75,82.54,-17.64
48.99,83.60,-21.89
49.84,82.61,-22.16
50.68,81.63,-22.42
47.93,82.69,-25.06
48.77,81.70,-25.24
49.62,80.71,-25.42
46.86,81.77,-27.35
47.71,80.79,-27.48
48.56,79.80,-27.62
45.80,80.86,-29.13
46.65,79.87,-29.25
47.50,78.89,-29.36
44.74,79.95,-30.60
45.59,78.96,-30.70
46.44,77.98,-30.79
43.68,79.04,-31.85
44.53,78.05,-31.93
45.37,77.06,-32.01
42.62,78.12,-32.93
43.46,77.14,-33.00
44.31,76.15,-33.07
41.55,77.21,-33.89
42.40,76.23,-33.95
43.25,75.24,-34.01
0.85,88.14,-12.84
0.00,89.13,-10.02
-0.85,90.11,-17.45
1.91,89.05,-17.46
1.06,90.04,-17.91
0.21,91.03,-18.34
2.97,89.97,-22.31
2.12,90.95,-22.57
1.28,91.94,-22.82
4.03,90.88,-25.35
3.19,91.86,-25.53
2.34,92.85,-25.70
5.10,91.79,-27.57
4.25,92.78,-27.70
3.40,93.76,-27.84
6.16,92.70,-29.31
5.31,93.69,-29.42
4.46,94.67,-29.53
7.22,93.61,-30.75
6.37,94.60,-30.84
5.52,95.59,-30.94
8.28,94.53,-31.98
7.43,95.51,-32.06
6.59,96.50,-32.14
9.34,95.44,-33.04
8.50,96.42,-33.11
7.65,97.41,-33.18
10.41,96.35,-33.99
9.56,97.34,-34.05
8.71,98.32,-34.11
25.13,108.13,-46.00
25.98,107.15,-45.35
26.83,106.16,-45.29
24.07,107.22,-46.12
24.92,106.24,-45.41
25.77,105.25,-44.64
23.01,106.31,-46.18
23.86,105.32,-45.47
24.70,104.34,-44.70
21.95,105.40,-46.23
22.79,104.41,-45.53
23.64,103.43,-44.77
20.88,104.49,-46.29
21.73,103.50,-45.59
22.58,102.51,-44.83
19.82,103.57,-46.34
20.67,102.59,-45.65
21.52,101.60,-44.90
18.76,102.66,-46.39
19.61,101.67,-45.71
20.46,100.69,-44.96
17.70,101.75,-46.45
18.55,100.76,-45.77
19.39,99.78,-45.02
16.64,100.84,-46.50
17.48,99.85,-45.82
18.33,98.86,-45.09
15.57,99.92,-46.55
16.42,98.94,-45.88
17.27,97.95,-45.15
26.83,88.14,-26.67
25.98,89.13,-27.20
25.13,90.11,-32.12
27.89,89.05,-32.13
27.04,90.04,-32.40
26.19,91.03,-32.67
28.95,89.97,-35.38
28.10,90.95,-35.57
27.26,91.94,-35.75
30.01,90.88,-37.71
29.17,91.86,-37.85
28.32,92.85,-37.99
31.08,91.79,-39.53
30.23,92.78,-39.64
29.38,93.76,-39.75
32.14,92.70,-41.01
31.29,93.69,-41.11
30.44,94.67,-41.20
33.20,93.61,-42.27
32.35,94.60,-42.35
31.50,95.59,-42.43
34.26,94.53,-43.36
33.41,95.51,-43.43
32.57,96.50,-43.50
35.32,95.44,-44.33
34.48,96.42,-44.39
33.63,97.41,-44.45
36.39,96.35,-45.19
35.54,97.34,-45.25
34.69,98.32,-45.30
51.11,108.13,-36.46
51.96,107.15,-35.82
52.81,106.16,-35.77
50.05,107.22,-36.51
50.90,106.24,-35.87
51.75,105.25,-35.18
48.99,106.31,-36.56
49.84,105.32,-35.93
50.68,104.34,-35.24
47.93,105.40,-36.61
48.77,104.41,-35.98
49.62,103.43,-35.30
46.86,104.49,-36.65
47.71,103.50,-36.03
48.56,102.51,-35.36
45.80,103.57,-36.70
46.65,102.59,-36.08
47.50,101.60,-35.42
44.74,102.66,-36.75
45.59,101.67,-36.14
46.44,100.69,-35.47
43.68,101.75,-36.80
44.53,100.76,-36.19
45.37,99.78,-35.53
42.62,100.84,-36.85
43.46,99.85,-36.24
44.31,98.86,-35.58
41.55,99.92,-36.90
42.40,98.94,-36.29
43.25,97.95,-35.64
0.85,110.85,-35.97
0.00,111.84,-35.99
-0.85,112.83,-35.94
1.91,111.77,-36.64
1.06,112.75,-36.04
0.21,113.74,-35.37
2.97,112.68,-36.71
2.12,113.66,-36.09
1.28,114.65,-35.42
4.03,113.59,-36.76
3.19,114.58,-36.14
2.34,115.56,-35.48
5.10,114.50,-36.81
4.25,115.49,-36.20
3.40,116.47,-35.54
6.16,115.41,-36.86
5.31,116.40,-36.25
4.46,117.39,-35.59
7.22,116.33,-36.90
6.37,117.31,-36.30
5.52,118.30,-35.65
8.28,117.24,-36.95
7.43,118.22,-36.35
6.59,119.21,-35.70
9.34,118.15,-37.00
8.50,119.14,-36.40
7.65,120.12,-35.76
10.41,119.06,-37.04
9.56,120.05,-36.45
8.71,121.04,-35.81
25.13,130.85,-28.76
25.98,129.86,-20.52
26.83,128.87,-21.97
24.07,129.93,-29.20
24.92,128.95,-22.90
25.77,127.96,-23.71
23.01,129.02,-30.04
23.86,128.04,-30.39
24.70,127.05,-30.73
21.95,128.11,-34.03
22.79,127.12,-34.25
23.64,126.14,-34.47
20.88,127.20,-36.72
21.73,126.21,-36.87
22.58,125.23,-37.03
19.82,126.29,-38.74
20.67,125.30,-38.86
21.52,124.31,-38.98
18.76,125.37,-40.36
19.61,124.39,-40.46
20.46,123.40,-40.56
17.70,124.46,-41.71
18.55,123.48,-41.80
19.39,122.49,-41.89
16.64,123.55,-42.87
17.48,122.56,-42.95
18.33,121.58,-43.03
15.57,122.64,-43.89
16.42,121.65,-43.96
17.27,120.66,-44.03
26.83,110.85,-44.91
25.98,111.84,-44.08
25.13,112.83,-44.02
27.89,111.77,-44.97
27.04,112.75,-44.15
26.19,113.74,-43.24
28.95,112.68,-45.04
28.10,113.66,-44.22
27.26,114.65,-43.32
30.01,113.59,-45.10
29.17,114.58,-44.29
28.32,115.56,-43.40
31.08,114.50,-45.16
30.23,115.49,-44.36
29.38,116.47,-43.47
32.14,115.41,-45.23
31.29,116.40,-44.43
30.44,117.39,-43.55
33.20,116.33,-45.29
32.35,117.31,-44.50
31.50,118.30,-43.63
34.26,117.24,-45.35
33.41,118.22,-44.57
32.57,119.21,-43.70
35.32,118.15,-45.41
34.48,119.14,-44.63
33.63,120.12,-43.78
36.39,119.06,-45.47
35.54,120.05,-44.70
34.69,121.04,-43.85
51.11,130.85,-27.86
51.96,129.86,-20.52
52.81,128.87,-26.69
50.05,129.93,-28.35
50.90,128.95,-27.23
51.75,127.96,-27.72
48.99,129.02,-32.14
49.84,128.04,-32.42
50.68,127.05,-32.68
47.93,128.11,-35.39
48.77,127.12,-35.58
49.62,126.14,-35.76
46.86,127.20,-37.72
47.71,126.21,-37.86
48.56,125.23,-38.00
45.80,126.29,-39.53
46.65,125.30,-39.64
47.50,124.31,-39.76
44.74,125.37,-41.02
45.59,124.39,-41.11
46.44,123.40,-41.21
43.68,124.46,-42.27
44.53,123.48,-42.36
45.37,122.49,-42.11
42.62,123.55,-43.32
43.46,122.56,-42.75
44.31,121.58,-42.16
41.55,122.64,-43.36
42.40,121.65,-42.79
43.25,120.66,-42.20
1.30,134.85,-13.64
0.00,134.85,-10.02
-1.30,134.85,-13.64
1.30,136.25,-18.66
0.00,136.25,-13.64
-1.30,136.25,-18.66
1.30,137.65,-21.96
0.00,137.65,-18.95
-1.30,137.65,-21.96
1.30,139.05,-24.31
0.00,139.05,-22.15
-1.30,139.05,-24.31
1.30,140.45,-26.14
0.00,140.45,-24.45
-1.30,140.45,-26.14
1.30,141.85,-27.63
0.00,141.85,-26.25
-1.30,141.85,-27.63
1.30,143.25,-28.90
0.00,143.25,-27.73
-1.30,143.25,-28.90
1.30,144.65,-29.99
0.00,144.65,-28.98
-1.30,144.65,-29.99
1.30,146.05,-30.96
0.00,146.05,-30.07
-1.30,146.05,-30.96
1.30,147.45,-31.83
0.00,147.45,-31.03
-1.30,147.45,-31.83
1.30,148.85,-32.61
0.00,148.85,-31.89
-1.30,148.85,-32.61
1.30,150.25,-33.33
0.00,150.25,-32.66
-1.30,150.25,-33.33
1.30,151.65,-33.99
0.00,151.65,-33.38
-1.30,151.65,-33.99
1.30,153.05,-34.60
0.00,153.05,-34.03
-1.30,153.05,-34.60
1.30,154.45,-35.16
0.00,154.45,-34.64
-1.30,154.45,-35.16
1.30,155.85,-35.69
0.00,155.85,-35.20
-1.30,155.85,-35.69
1.30,157.25,-36.19
0.00,157.25,-35.73
-1.30,157.25,-36.19
1.30,158.65,-36.66
0.00,158.65,-36.23
-1.30,158.65,-36.66
1.30,160.05,-37.11
0.00,160.05,-36.70
-1.30,160.05,-37.11
27.28,134.85,-36.78
25.98,134.85,-35.13
24.68,134.85,-36.78
27.28,136.25,-38.25
25.98,136.25,-36.89
24.68,136.25,-38.25
27.28,137.65,-39.50
25.98,137.65,-38.34
24.68,137.65,-39.50
27.28,139.05,-40.58
25.98,139.05,-39.58
24.68,139.05,-40.58
27.28,140.45,-41.54
25.98,140.45,-40.65
24.68,140.45,-41.54
27.28,141.85,-42.40
25.98,141.85,-41.60
24.68,141.85,-42.40
27.28,143.25,-43.17
25.98,143.25,-42.46
24.68,143.25,-43.17
27.28,144.65,-43.70
25.98,144.65,-43.07
24.68,144.65,-43.70
27.28,146.05,-43.02
25.98,146.05,-42.33
24.68,146.05,-43.02
27.28,147.45,-42.27
25.98,147.45,-41.52
24.68,147.45,-42.27
27.28,148.85,-41.45
25.98,148.85,-40.61
24.68,148.85,-41.45
27.28,150.25,-40.55
25.98,150.25,-39.60
24.68,150.25,-40.55
27.28,151.65,-39.53
25.98,151.65,-38.45
24.68,151.65,-39.53
27.28,153.05,-38.36
25.98,153.05,-37.11
24.68,153.05,-38.36
27.28,154.45,-37.00
25.98,154.45,-35.50
24.68,154.45,-37.00
27.28,155.85,-35.38
25.98,155.85,-33.51
24.68,155.85,-35.38
27.28,157.25,-33.35
25.98,157.25,-30.88
24.68,157.25,-33.35
27.28,158.65,-30.66
25.98,158.65,-27.00
24.68,158.65,-30.66
27.28,160.05,-26.64
25.98,160.05,-20.02
24.68,160.05,-26.64
