1.00,3.00,-26.09,-26.09
1.00,4.00,-28.36,-28.36
1.00,5.00,-30.14,-30.14
1.00,6.00,-50.13,-45.56
1.00,7.00,-49.64,-44.63
1.00,8.00,-49.12,-43.58
1.00,9.00,-48.56,-42.37
1.00,10.00,-47.97,-40.96
1.00,11.00,-47.47,-39.08
1.00,12.00,-47.45,-35.76
1.00,13.00,-48.03,-32.06
1.00,14.00,-48.63,-25.50
1.00,15.00,-49.18,-20.52
1.00,16.00,-49.67,-28.68
1.00,17.00,-50.14,-33.48
1.00,18.00,-50.71,-36.61
1.00,19.00,-51.50,-38.88
1.00,20.00,-52.24,-40.65
1.00,21.00,-52.76,-41.74
1.00,22.00,-53.51,-43.14
1.00,23.00,-54.42,-44.66
1.00,24.00,-55.28,-45.94
1.00,25.00,-56.09,-46.75
1.00,26.00,-56.86,-46.83
1.00,27.00,-57.59,-46.91
1.00,28.00,-57.91,-46.95
1.00,29.00,-57.91,-46.95
1.00,30.00,-57.91,-46.95
1.00,31.00,-57.91,-46.95
1.00,32.00,-57.91,-46.95
1.00,33.00,-57.91,-46.95
1.00,34.00,-57.88,-46.94
1.00,35.00,-57.17,-46.86
1.00,36.00,-56.41,-46.78
1.00,37.00,-55.62,-46.42
1.00,38.00,-54.78,-45.22
1.00,39.00,-53.89,-43.81
1.00,40.00,-52.95,-42.11
1.00,41.00,-53.32,-42.81
1.00,42.00,-53.98,-43.95
1.00,43.00,-54.61,-43.84
1.00,44.00,-55.22,-42.67
1.00,45.00,-55.80,-41.31
1.00,46.00,-56.36,-39.69
1.00,47.00,-56.90,-37.67
1.00,48.00,-57.42,-34.98
1.00,49.00,-57.92,-30.97
1.00,50.00,-58.41,-22.86
1.00,51.00,-58.88,-23.83
1.00,52.00,-59.34,-31.34
1.00,53.00,-59.78,-35.21
1.00,54.00,-60.21,-37.84
1.00,55.00,-60.63,-39.32
1.00,56.00,-61.03,-38.77
1.00,57.00,-61.43,-38.19
1.00,58.00,-61.81,-37.57
1.00,59.00,-62.19,-36.89
1.00,60.00,-62.55,-36.15
1.00,61.00,-62.91,-35.34
1.00,62.00,-63.26,-34.44
1.00,63.00,-63.60,-33.43
1.00,64.00,-63.93,-32.28
1.00,65.00,-64.26,-30.95
1.00,66.00,-64.58,-29.35
1.00,67.00,-64.89,-27.37
1.00,68.00,-65.19,-24.76
1.00,69.00,-65.49,-20.92
1.00,70.00,-65.79,-13.52
1.00,71.00,-66.07,-10.02
1.00,72.00,-66.36,-19.39
1.00,73.00,-66.63,-23.83
1.00,74.00,-66.90,-26.70
1.00,75.00,-67.17,-28.83
1.00,76.00,-67.43,-30.52
1.00,77.00,-67.69,-31.92
1.00,78.00,-67.94,-33.12
1.00,79.00,-68.19,-34.17
1.00,80.00,-68.44,-35.09
1.00,81.00,-68.68,-35.93
1.00,82.00,-68.91,-35.26
1.00,83.00,-69.15,-34.35
1.00,84.00,-69.38,-33.33
1.00,85.00,-69.60,-32.16
1.00,86.00,-69.82,-30.80
1.00,87.00,-70.04,-29.18
1.00,88.00,-70.26,-27.15
1.00,89.00,-70.47,-24.45
1.00,90.00,-70.68,-20.42
1.00,91.00,-70.89,-12.24
1.00,92.00,-70.93,-12.26
1.00,93.00,-70.73,-20.43
1.00,94.00,-70.52,-24.46
1.00,95.00,-70.31,-27.15
1.00,96.00,-70.09,-29.18
1.00,97.00,-69.87,-30.80
1.00,98.00,-69.65,-32.16
1.00,99.00,-69.43,-33.33
1.00,100.00,-69.20,-34.35
1.00,101.00,-68.97,-35.26
1.00,102.00,-68.73,-36.08
1.00,103.00,-68.49,-36.82
1.00,104.00,-68.45,-36.94
1.00,105.00,-68.45,-36.94
1.00,106.00,-68.45,-36.94
1.00,107.00,-68.45,-36.94
1.00,108.00,-68.45,-36.94
1.00,109.00,-68.45,-36.94
1.00,110.00,-68.65,-36.33
1.00,111.00,-68.89,-35.54
1.00,112.00,-69.12,-34.66
1.00,113.00,-69.35,-33.68
1.00,114.00,-69.58,-32.57
1.00,115.00,-69.80,-31.28
1.00,116.00,-70.02,-29.75
1.00,117.00,-70.24,-27.88
1.00,118.00,-70.45,-25.45
1.00,119.00,-70.66,-22.00
1.00,120.00,-70.87,-16.15
1.00,121.00,-71.16,-16.45
1.00,122.00,-71.32,-21.44
1.00,123.00,-71.52,-25.09
1.00,124.00,-71.71,-27.61
1.00,125.00,-71.90,-29.54
1.00,126.00,-72.10,-31.10
1.00,127.00,-59.62,-43.90
1.00,128.00,-59.39,-42.75
1.00,129.00,-59.16,-41.41
1.00,130.00,-58.93,-39.80
1.00,131.00,-58.69,-37.81
1.00,132.00,-58.45,-35.18
1.00,133.00,-58.67,-37.63
1.00,134.00,-58.91,-39.66
1.00,135.00,-59.14,-41.29
1.00,136.00,-59.37,-42.65
1.00,137.00,-59.60,-43.82
1.00,138.00,-72.11,-44.50
1.00,139.00,-71.92,-43.43
1.00,140.00,-71.73,-42.21
1.00,141.00,-71.53,-40.77
1.00,142.00,-71.33,-39.02
1.00,143.00,-71.13,-36.80
1.00,144.00,-70.99,-34.71
1.00,145.00,-70.83,-31.85
1.00,146.00,-70.63,-25.03
1.00,147.00,-70.52,-20.52
1.00,148.00,-70.54,-30.58
1.00,149.00,-70.57,-35.99
1.00,150.00,-70.59,-39.22
1.00,151.00,-70.61,-41.54
1.00,152.00,-70.63,-42.74
1.00,153.00,-70.65,-42.82
1.00,154.00,-70.66,-42.84
1.00,155.00,-70.66,-42.84
1.00,156.00,-70.66,-42.84
1.00,157.00,-70.66,-42.84
1.00,158.00,-70.66,-42.84
1.00,159.00,-70.66,-42.84
1.00,160.00,-70.65,-42.82
1.00,161.00,-70.63,-42.74
1.00,162.00,-70.61,-41.49
1.00,163.00,-70.59,-39.15
1.00,164.00,-70.56,-35.88
1.00,165.00,-70.54,-30.38
1.00,166.00,-70.53,-20.52
1.00,167.00,-70.74,-29.38
1.00,168.00,-71.00,-34.92
1.00,169.00,-71.25,-38.18
1.00,170.00,-71.45,-40.09
1.00,171.00,-71.65,-41.65
1.00,172.00,-71.84,-42.95
1.00,173.00,-72.03,-44.08
1.00,174.00,-59.69,-44.25
1.00,175.00,-59.46,-43.15
1.00,176.00,-59.24,-41.88
1.00,177.00,-59.01,-40.37
1.00,178.00,-58.77,-38.53
1.00,179.00,-58.56,-36.49
1.00,180.00,-58.68,-37.70
1.00,181.00,-58.92,-39.72
1.00,182.00,-59.15,-41.34
1.00,183.00,-59.38,-42.69
1.00,184.00,-59.60,-42.44
1.00,185.00,-59.83,-41.14
1.00,186.00,-60.05,-39.58
1.00,187.00,-60.26,-37.66
1.00,188.00,-60.47,-35.16
1.00,189.00,-60.68,-31.54
1.00,190.00,-60.89,-24.96
1.00,191.00,-61.04,-20.02
1.00,192.00,-61.04,-20.02
1.00,193.00,-61.04,-20.02
1.00,194.00,-61.04,-20.02
1.00,195.00,-61.04,-20.02
1.00,196.00,-61.04,-20.02
1.00,197.00,-58.14,-29.73
1.00,198.00,-36.89,-32.91
1.00,199.00,-19.54,-19.54
1.00,200.00,-23.92,-23.92
1.00,201.00,-26.77,-26.77
1.00,202.00,-28.88,-28.88
1.00,203.00,-30.56,-30.56
1.00,204.00,-50.00,-45.32
1.00,205.00,-49.51,-44.36
1.00,206.00,-48.97,-43.27
1.00,207.00,-48.41,-42.02
1.00,208.00,-47.80,-40.54
1.00,209.00,-47.46,-38.31
1.00,210.00,-47.57,-34.84
1.00,211.00,-48.20,-30.74
1.00,212.00,-48.78,-22.23
1.00,213.00,-49.32,-21.96
1.00,214.00,-49.78,-30.09
1.00,215.00,-50.27,-34.45
1.00,216.00,-50.93,-37.29
1.00,217.00,-51.70,-39.40
1.00,218.00,-52.44,-41.07
1.00,219.00,-52.80,-41.82
1.00,220.00,-53.76,-43.58
1.00,221.00,-54.65,-45.02
1.00,222.00,-55.50,-46.25
1.00,223.00,-56.30,-46.77
1.00,224.00,-57.06,-46.85
1.00,225.00,-57.78,-46.93
1.00,226.00,-57.91,-46.95
1.00,227.00,-57.91,-46.95
1.00,228.00,-57.91,-46.95
1.00,229.00,-57.91,-46.95
1.00,230.00,-57.91,-46.95
1.00,231.00,-57.91,-46.95
1.00,232.00,-57.69,-46.92
1.00,233.00,-56.97,-46.84
1.00,234.00,-56.20,-46.76
1.00,235.00,-55.40,-46.11
1.00,236.00,-54.55,-44.86
1.00,237.00,-53.64,-43.38
1.00,238.00,-52.82,-41.86
1.00,239.00,-53.50,-43.13
1.00,240.00,-54.15,-44.24
1.00,241.00,-54.78,-43.54
1.00,242.00,-55.38,-42.33
1.00,243.00,-55.95,-40.91
1.00,244.00,-56.51,-39.19
1.00,245.00,-57.04,-37.02
1.00,246.00,-57.56,-34.08
1.00,247.00,-58.06,-29.44
1.00,248.00,-58.54,-20.52
1.00,249.00,-59.01,-26.61
1.00,250.00,-59.46,-32.58
1.00,251.00,-59.90,-36.01
1.00,252.00,-60.32,-38.42
1.00,253.00,-60.74,-39.17
1.00,254.00,-61.14,-38.62
1.00,255.00,-61.53,-38.03
1.00,256.00,-61.92,-37.39
1.00,257.00,-62.29,-36.70
1.00,258.00,-62.65,-35.94
1.00,259.00,-63.01,-35.11
1.00,260.00,-63.35,-34.18
1.00,261.00,-63.69,-33.14
1.00,262.00,-64.02,-31.94
1.00,263.00,-64.34,-30.55
1.00,264.00,-64.66,-28.86
1.00,265.00,-64.97,-26.75
1.00,266.00,-65.28,-23.89
1.00,267.00,-65.57,-19.48
1.00,268.00,-65.86,-10.02
1.00,269.00,-66.15,-13.32
1.00,270.00,-66.43,-20.84
1.00,271.00,-66.71,-24.71
1.00,272.00,-66.98,-27.33
1.00,273.00,-67.24,-29.32
1.00,274.00,-67.50,-30.92
1.00,275.00,-67.76,-32.26
1.00,276.00,-68.01,-33.41
1.00,277.00,-68.26,-34.43
1.00,278.00,-68.50,-35.33
1.00,279.00,-68.74,-35.86
1.00,280.00,-68.98,-35.02
1.00,281.00,-69.21,-34.08
1.00,282.00,-69.44,-33.03
1.00,283.00,-69.66,-31.81
1.00,284.00,-69.88,-30.39
1.00,285.00,-70.10,-28.67
1.00,286.00,-70.32,-26.50
1.00,287.00,-70.53,-23.54
1.00,288.00,-70.74,-18.89
1.00,289.00,-70.94,-10.02
1.00,290.00,-70.88,-15.37
1.00,291.00,-70.67,-21.73
1.00,292.00,-70.46,-25.27
1.00,293.00,-70.25,-27.75
1.00,294.00,-70.03,-29.65
1.00,295.00,-69.81,-31.19
1.00,296.00,-69.59,-32.49
1.00,297.00,-69.37,-33.62
1.00,298.00,-69.14,-34.60
1.00,299.00,-68.90,-35.49
1.00,300.00,-68.67,-36.28
1.00,301.00,-68.45,-36.94
1.00,302.00,-68.45,-36.94
1.00,303.00,-68.45,-36.94
1.00,304.00,-68.45,-36.94
1.00,305.00,-68.45,-36.94
1.00,306.00,-68.45,-36.94
1.00,307.00,-68.48,-36.86
1.00,308.00,-68.72,-36.12
1.00,309.00,-68.95,-35.31
2.00,3.00,-26.09,-26.09
2.00,4.00,-28.36,-28.36
2.00,5.00,-30.14,-30.14
2.00,6.00,-50.13,-45.56
2.00,7.00,-49.64,-44.63
2.00,8.00,-49.12,-43.58
2.00,9.00,-48.56,-42.37
2.00,10.00,-47.97,-40.96
2.00,11.00,-47.47,-39.08
2.00,12.00,-47.45,-35.76
2.00,13.00,-48.03,-32.06
2.00,14.00,-48.63,-25.50
2.00,15.00,-49.18,-20.52
2.00,16.00,-49.67,-28.68
2.00,17.00,-50.14,-33.48
2.00,18.00,-50.71,-36.61
2.00,19.00,-51.50,-38.88
2.00,20.00,-52.24,-40.65
2.00,21.00,-52.76,-41.74
2.00,22.00,-53.51,-43.14
2.00,23.00,-54.42,-44.66
2.00,24.00,-55.28,-45.94
2.00,25.00,-56.09,-46.75
2.00,26.00,-56.86,-46.83
2.00,27.00,-57.59,-46.91
2.00,28.00,-57.91,-46.95
2.00,29.00,-57.91,-46.95
2.00,30.00,-57.91,-46.95
2.00,31.00,-57.91,-46.95
2.00,32.00,-57.91,-46.95
2.00,33.00,-57.91,-46.95
2.00,34.00,-57.88,-46.94
2.00,35.00,-57.17,-46.86
2.00,36.00,-56.41,-46.78
2.00,37.00,-55.62,-46.42
2.00,38.00,-54.78,-45.22
2.00,39.00,-53.89,-43.81
2.00,40.00,-52.95,-42.11
2.00,41.00,-53.32,-42.81
2.00,42.00,-53.98,-43.95
2.00,43.00,-54.61,-43.84
2.00,44.00,-55.22,-42.67
2.00,45.00,-55.80,-41.31
2.00,46.00,-56.36,-39.69
2.00,47.00,-56.90,-37.67
2.00,48.00,-57.42,-34.98
2.00,49.00,-57.92,-30.97
2.00,50.00,-58.41,-22.86
2.00,51.00,-58.88,-23.83
2.00,52.00,-59.34,-31.34
2.00,53.00,-59.78,-35.21
2.00,54.00,-60.21,-37.84
2.00,55.00,-60.63,-39.32
2.00,56.00,-61.03,-38.77
2.00,57.00,-61.43,-38.19
2.00,58.00,-61.81,-37.57
2.00,59.00,-62.19,-36.89
2.00,60.00,-62.55,-36.15
2.00,61.00,-62.91,-35.34
2.00,62.00,-63.26,-34.44
2.00,63.00,-63.60,-33.43
2.00,64.00,-63.93,-32.28
2.00,65.00,-64.26,-30.95
2.00,66.00,-64.58,-29.35
2.00,67.00,-64.89,-27.37
2.00,68.00,-65.19,-24.76
2.00,69.00,-65.49,-20.92
2.00,70.00,-65.79,-13.52
2.00,71.00,-66.07,-10.02
2.00,72.00,-66.36,-19.39
2.00,73.00,-66.63,-23.83
2.00,74.00,-66.90,-26.70
2.00,75.00,-67.17,-28.83
2.00,76.00,-67.43,-30.52
2.00,77.00,-67.69,-31.92
2.00,78.00,-67.94,-33.12
2.00,79.00,-68.19,-34.17
2.00,80.00,-68.44,-35.09
2.00,81.00,-68.68,-35.93
2.00,82.00,-68.91,-35.26
2.00,83.00,-69.15,-34.35
2.00,84.00,-69.38,-33.33
2.00,85.00,-69.60,-32.16
2.00,86.00,-69.82,-30.80
2.00,87.00,-70.04,-29.18
2.00,88.00,-70.26,-27.15
2.00,89.00,-70.47,-24.45
2.00,90.00,-70.68,-20.42
2.00,91.00,-70.89,-12.24
2.00,92.00,-70.93,-12.26
2.00,93.00,-70.73,-20.43
2.00,94.00,-70.52,-24.46
2.00,95.00,-70.31,-27.15
2.00,96.00,-70.09,-29.18
2.00,97.00,-69.87,-30.80
2.00,98.00,-69.65,-32.16
2.00,99.00,-69.43,-33.33
2.00,100.00,-69.20,-34.35
2.00,101.00,-68.97,-35.26
2.00,102.00,-68.73,-36.08
2.00,103.00,-68.49,-36.82
2.00,104.00,-68.45,-36.94
2.00,105.00,-68.45,-36.94
2.00,106.00,-68.45,-36.94
2.00,107.00,-68.45,-36.94
2.00,108.00,-68.45,-36.94
2.00,109.00,-68.45,-36.94
2.00,110.00,-68.65,-36.33
2.00,111.00,-68.89,-35.54
2.00,112.00,-69.12,-34.66
2.00,113.00,-69.35,-33.68
2.00,114.00,-69.58,-32.57
2.00,115.00,-69.80,-31.28
2.00,116.00,-70.02,-29.75
2.00,117.00,-70.24,-27.88
2.00,118.00,-70.45,-25.45
2.00,119.00,-70.66,-22.00
2.00,120.00,-70.87,-16.15
2.00,121.00,-71.16,-16.45
2.00,122.00,-71.32,-21.44
2.00,123.00,-71.52,-25.09
2.00,124.00,-71.71,-27.61
2.00,125.00,-71.90,-29.54
2.00,126.00,-72.10,-31.10
2.00,127.00,-59.62,-43.90
2.00,128.00,-59.39,-42.75
2.00,129.00,-59.16,-41.41
2.00,130.00,-58.93,-39.80
2.00,131.00,-58.69,-37.81
2.00,132.00,-58.45,-35.18
2.00,133.00,-58.67,-37.63
2.00,134.00,-58.91,-39.66
2.00,135.00,-59.14,-41.29
2.00,136.00,-59.37,-42.65
2.00,137.00,-59.60,-43.82
2.00,138.00,-72.11,-44.50
2.00,139.00,-71.92,-43.43
2.00,140.00,-71.73,-42.21
2.00,141.00,-71.53,-40.77
2.00,142.00,-71.33,-39.02
2.00,143.00,-71.13,-36.80
2.00,144.00,-70.99,-34.71
2.00,145.00,-70.83,-31.85
2.00,146.00,-70.63,-25.03
2.00,147.00,-70.52,-20.52
2.00,148.00,-70.54,-30.58
2.00,149.00,-70.57,-35.99
2.00,150.00,-70.59,-39.22
2.00,151.00,-70.61,-41.54
2.00,152.00,-70.63,-42.74
2.00,153.00,-70.65,-42.82
2.00,154.00,-70.66,-42.84
2.00,155.00,-70.66,-42.84
2.00,156.00,-70.66,-42.84
2.00,157.00,-70.66,-42.84
2.00,158.00,-70.66,-42.84
2.00,159.00,-70.66,-42.84
2.00,160.00,-70.65,-42.82
2.00,161.00,-70.63,-42.74
2.00,162.00,-70.61,-41.49
2.00,163.00,-70.59,-39.15
2.00,164.00,-70.56,-35.88
2.00,165.00,-70.54,-30.38
2.00,166.00,-70.53,-20.52
2.00,167.00,-70.74,-29.38
2.00,168.00,-71.00,-34.92
2.00,169.00,-71.25,-38.18
2.00,170.00,-71.45,-40.09
2.00,171.00,-71.65,-41.65
2.00,172.00,-71.84,-42.95
2.00,173.00,-72.03,-44.08
2.00,174.00,-59.69,-44.25
2.00,175.00,-59.46,-43.15
2.00,176.00,-59.24,-41.88
2.00,177.00,-59.01,-40.37
2.00,178.00,-58.77,-38.53
2.00,179.00,-58.56,-36.49
2.00,180.00,-58.68,-37.70
2.00,181.00,-58.92,-39.72
2.00,182.00,-59.15,-41.34
2.00,183.00,-59.38,-42.69
2.00,184.00,-59.60,-42.44
2.00,185.00,-59.83,-41.14
2.00,186.00,-60.05,-39.58
2.00,187.00,-60.26,-37.66
2.00,188.00,-60.47,-35.16
2.00,189.00,-60.68,-31.54
2.00,190.00,-60.89,-24.96
2.00,191.00,-61.04,-20.02
2.00,192.00,-61.04,-20.02
2.00,193.00,-61.04,-20.02
2.00,194.00,-61.04,-20.02
2.00,195.00,-61.04,-20.02
2.00,196.00,-61.04,-20.02
2.00,197.00,-58.14,-29.73
2.00,198.00,-36.89,-32.91
2.00,199.00,-19.54,-19.54
2.00,200.00,-23.92,-23.92
2.00,201.00,-26.77,-26.77
2.00,202.00,-28.88,-28.88
2.00,203.00,-30.56,-30.56
2.00,204.00,-50.00,-45.32
2.00,205.00,-49.51,-44.36
2.00,206.00,-48.97,-43.27
2.00,207.00,-48.41,-42.02
2.00,208.00,-47.80,-40.54
2.00,209.00,-47.46,-38.31
2.00,210.00,-47.57,-34.84
2.00,211.00,-48.20,-30.74
2.00,212.00,-48.78,-22.23
2.00,213.00,-49.32,-21.96
2.00,214.00,-49.78,-30.09
2.00,215.00,-50.27,-34.45
2.00,216.00,-50.93,-37.29
2.00,217.00,-51.70,-39.40
2.00,218.00,-52.44,-41.07
2.00,219.00,-52.80,-41.82
2.00,220.00,-53.76,-43.58
2.00,221.00,-54.65,-45.02
2.00,222.00,-55.50,-46.25
2.00,223.00,-56.30,-46.77
2.00,224.00,-57.06,-46.85
2.00,225.00,-57.78,-46.93
2.00,226.00,-57.91,-46.95
2.00,227.00,-57.91,-46.95
2.00,228.00,-57.91,-46.95
2.00,229.00,-57.91,-46.95
2.00,230.00,-57.91,-46.95
2.00,231.00,-57.91,-46.95
2.00,232.00,-57.69,-46.92
2.00,233.00,-56.97,-46.84
2.00,234.00,-56.20,-46.76
2.00,235.00,-55.40,-46.11
2.00,236.00,-54.55,-44.86
2.00,237.00,-53.64,-43.38
2.00,238.00,-52.82,-41.86
2.00,239.00,-53.50,-43.13
2.00,240.00,-54.15,-44.24
2.00,241.00,-54.78,-43.54
2.00,242.00,-55.38,-42.33
2.00,243.00,-55.95,-40.91
2.00,244.00,-56.51,-39.19
2.00,245.00,-57.04,-37.02
2.00,246.00,-57.56,-34.08
2.00,247.00,-58.06,-29.44
2.00,248.00,-58.54,-20.52
2.00,249.00,-59.01,-26.61
2.00,250.00,-59.46,-32.58
2.00,251.00,-59.90,-36.01
2.00,252.00,-60.32,-38.42
2.00,253.00,-60.74,-39.17
2.00,254.00,-61.14,-38.62
2.00,255.00,-61.53,-38.03
2.00,256.00,-61.92,-37.39
2.00,257.00,-62.29,-36.70
2.00,258.00,-62.65,-35.94
2.00,259.00,-63.01,-35.11
2.00,260.00,-63.35,-34.18
2.00,261.00,-63.69,-33.14
2.00,262.00,-64.02,-31.94
2.00,263.00,-64.34,-30.55
2.00,264.00,-64.66,-28.86
2.00,265.00,-64.97,-26.75
2.00,266.00,-65.28,-23.89
2.00,267.00,-65.57,-19.48
2.00,268.00,-65.86,-10.02
2.00,269.00,-66.15,-13.32
2.00,270.00,-66.43,-20.84
2.00,271.00,-66.71,-24.71
2.00,272.00,-66.98,-27.33
2.00,273.00,-67.24,-29.32
2.00,274.00,-67.50,-30.92
2.00,275.00,-67.76,-32.26
2.00,276.00,-68.01,-33.41
2.00,277.00,-68.26,-34.43
2.00,278.00,-68.50,-35.33
2.00,279.00,-68.74,-35.86
2.00,280.00,-68.98,-35.02
2.00,281.00,-69.21,-34.08
2.00,282.00,-69.44,-33.03
2.00,283.00,-69.66,-31.81
2.00,284.00,-69.88,-30.39
2.00,285.00,-70.10,-28.67
2.00,286.00,-70.32,-26.50
2.00,287.00,-70.53,-23.54
2.00,288.00,-70.74,-18.89
2.00,289.00,-70.94,-10.02
2.00,290.00,-70.88,-15.37
2.00,291.00,-70.67,-21.73
2.00,292.00,-70.46,-25.27
2.00,293.00,-70.25,-27.75
2.00,294.00,-70.03,-29.65
2.00,295.00,-69.81,-31.19
2.00,296.00,-69.59,-32.49
2.00,297.00,-69.37,-33.62
2.00,298.00,-69.14,-34.60
2.00,299.00,-68.90,-35.49
2.00,300.00,-68.67,-36.28
2.00,301.00,-68.45,-36.94
2.00,302.00,-68.45,-36.94
2.00,303.00,-68.45,-36.94
2.00,304.00,-68.45,-36.94
2.00,305.00,-68.45,-36.94
2.00,306.00,-68.45,-36.94
2.00,307.00,-68.48,-36.86
2.00,308.00,-68.72,-36.12
2.00,309.00,-68.95,-35.31
3.00,3.00,-26.09,-26.09
3.00,4.00,-28.36,-28.36
3.00,5.00,-30.14,-30.14
3.00,6.00,-50.13,-45.56
3.00,7.00,-49.64,-44.63
3.00,8.00,-49.12,-43.58
3.00,9.00,-48.56,-42.37
3.00,10.00,-47.97,-40.96
3.00,11.00,-47.47,-39.08
3.00,12.00,-47.45,-35.76
3.00,13.00,-48.03,-32.06
3.00,14.00,-48.63,-25.50
3.00,15.00,-49.18,-20.52
3.00,16.00,-49.67,-28.68
3.00,17.00,-50.14,-33.48
3.00,18.00,-50.71,-36.61
3.00,19.00,-51.50,-38.88
3.00,20.00,-52.24,-40.65
3.00,21.00,-52.76,-41.74
3.00,22.00,-53.51,-43.14
3.00,23.00,-54.42,-44.66
3.00,24.00,-55.28,-45.94
3.00,25.00,-56.09,-46.75
3.00,26.00,-56.86,-46.83
3.00,27.00,-57.59,-46.91
3.00,28.00,-57.91,-46.95
3.00,29.00,-57.91,-46.95
3.00,30.00,-57.91,-46.95
3.00,31.00,-57.91,-46.95
3.00,32.00,-57.91,-46.95
3.00,33.00,-57.91,-46.95
3.00,34.00,-57.88,-46.94
3.00,35.00,-57.17,-46.86
3.00,36.00,-56.41,-46.78
3.00,37.00,-55.62,-46.42
3.00,38.00,-54.78,-45.22
3.00,39.00,-53.89,-43.81
3.00,40.00,-52.95,-42.11
3.00,41.00,-53.32,-42.81
3.00,42.00,-53.98,-43.95
3.00,43.00,-54.61,-43.84
3.00,44.00,-55.22,-42.67
3.00,45.00,-55.80,-41.31
3.00,46.00,-56.36,-39.69
3.00,47.00,-56.90,-37.67
3.00,48.00,-57.42,-34.98
3.00,49.00,-57.92,-30.97
3.00,50.00,-58.41,-22.86
3.00,51.00,-58.88,-23.83
3.00,52.00,-59.34,-31.34
3.00,53.00,-59.78,-35.21
3.00,54.00,-60.21,-37.84
3.00,55.00,-60.63,-39.32
3.00,56.00,-61.03,-38.77
3.00,57.00,-61.43,-38.19
3.00,58.00,-61.81,-37.57
3.00,59.00,-62.19,-36.89
3.00,60.00,-62.55,-36.15
3.00,61.00,-62.91,-35.34
3.00,62.00,-63.26,-34.44
3.00,63.00,-63.60,-33.43
3.00,64.00,-63.93,-32.28
3.00,65.00,-64.26,-30.95
3.00,66.00,-64.58,-29.35
3.00,67.00,-64.89,-27.37
3.00,68.00,-70.19,-24.76
3.00,69.00,-70.41,-20.92
3.00,70.00,-70.62,-13.52
3.00,71.00,-70.82,-10.02
3.00,72.00,-71.00,-19.39
3.00,73.00,-70.79,-23.83
3.00,74.00,-70.59,-26.70
3.00,75.00,-70.37,-28.83
3.00,76.00,-70.16,-30.52
3.00,77.00,-69.94,-31.92
3.00,78.00,-69.72,-33.12
3.00,79.00,-69.50,-34.17
3.00,80.00,-69.27,-35.09
3.00,81.00,-69.04,-35.93
3.00,82.00,-68.80,-35.26
3.00,83.00,-68.57,-34.35
3.00,84.00,-68.32,-33.33
3.00,85.00,-68.08,-32.16
3.00,86.00,-67.83,-30.80
3.00,87.00,-67.57,-29.18
3.00,88.00,-67.31,-27.15
3.00,89.00,-67.05,-24.45
3.00,90.00,-66.78,-20.42
3.00,91.00,-66.51,-12.24
3.00,92.00,-66.23,-12.26
3.00,93.00,-65.94,-20.43
3.00,94.00,-65.65,-24.46
3.00,95.00,-65.36,-27.15
3.00,96.00,-65.05,-29.18
3.00,97.00,-64.75,-30.80
3.00,98.00,-64.43,-32.16
3.00,99.00,-64.11,-33.33
3.00,100.00,-63.78,-34.35
3.00,101.00,-63.44,-35.26
3.00,102.00,-63.10,-36.08
3.00,103.00,-62.75,-36.82
3.00,104.00,-62.69,-36.94
3.00,105.00,-62.69,-36.94
3.00,106.00,-62.69,-36.94
3.00,107.00,-62.69,-36.94
3.00,108.00,-62.69,-36.94
3.00,109.00,-62.69,-36.94
3.00,110.00,-62.98,-36.33
3.00,111.00,-63.33,-35.54
3.00,112.00,-63.67,-34.66
3.00,113.00,-64.00,-33.68
3.00,114.00,-64.32,-32.57
3.00,115.00,-64.64,-31.28
3.00,116.00,-64.95,-29.75
3.00,117.00,-65.26,-27.88
3.00,118.00,-65.55,-25.45
3.00,119.00,-65.85,-22.00
3.00,120.00,-66.13,-16.15
3.00,121.00,-66.53,-16.45
3.00,122.00,-66.84,-21.44
3.00,123.00,-67.10,-25.09
3.00,124.00,-67.37,-27.61
3.00,125.00,-67.63,-29.54
3.00,126.00,-67.88,-31.10
3.00,127.00,-54.38,-43.90
3.00,128.00,-54.06,-42.75
3.00,129.00,-53.73,-41.41
3.00,130.00,-53.39,-39.80
3.00,131.00,-53.04,-37.81
3.00,132.00,-52.69,-35.18
3.00,133.00,-53.02,-37.63
3.00,134.00,-53.36,-39.66
3.00,135.00,-53.70,-41.29
3.00,136.00,-54.03,-42.65
3.00,137.00,-54.35,-43.82
3.00,138.00,-67.90,-44.50
3.00,139.00,-67.65,-43.43
3.00,140.00,-67.39,-42.21
3.00,141.00,-67.12,-40.77
3.00,142.00,-66.86,-39.02
3.00,143.00,-66.58,-36.80
3.00,144.00,-66.38,-34.71
3.00,145.00,-66.58,-31.85
3.00,146.00,-66.85,-25.03
3.00,147.00,-66.99,-20.52
3.00,148.00,-67.36,-30.58
3.00,149.00,-67.72,-35.99
3.00,150.00,-68.07,-39.22
3.00,151.00,-68.42,-41.54
3.00,152.00,-68.76,-42.74
3.00,153.00,-69.09,-42.82
3.00,154.00,-69.17,-42.84
3.00,155.00,-69.17,-42.84
3.00,156.00,-69.17,-42.84
3.00,157.00,-69.17,-42.84
3.00,158.00,-69.17,-42.84
3.00,159.00,-69.17,-42.84
3.00,160.00,-69.08,-42.82
3.00,161.00,-68.75,-42.74
3.00,162.00,-68.41,-41.49
3.00,163.00,-68.07,-39.15
3.00,164.00,-67.71,-35.88
3.00,165.00,-67.35,-30.38
3.00,166.00,-66.98,-20.52
3.00,167.00,-66.71,-29.38
3.00,168.00,-66.63,-34.92
3.00,169.00,-66.75,-38.18
3.00,170.00,-67.02,-40.09
3.00,171.00,-67.28,-41.65
3.00,172.00,-67.54,-42.95
3.00,173.00,-67.80,-44.08
3.00,174.00,-54.48,-44.25
3.00,175.00,-54.16,-43.15
3.00,176.00,-53.84,-41.88
3.00,177.00,-53.50,-40.37
3.00,178.00,-53.16,-38.53
3.00,179.00,-52.85,-36.49
3.00,180.00,-53.03,-37.70
3.00,181.00,-53.37,-39.72
3.00,182.00,-53.71,-41.34
3.00,183.00,-54.04,-42.69
3.00,184.00,-54.36,-42.44
3.00,185.00,-54.68,-41.14
3.00,186.00,-54.99,-39.58
3.00,187.00,-55.29,-37.66
3.00,188.00,-55.59,-35.16
3.00,189.00,-55.88,-31.54
3.00,190.00,-56.17,-24.96
3.00,191.00,-56.37,-20.02
3.00,192.00,-56.37,-20.02
3.00,193.00,-56.37,-20.02
3.00,194.00,-56.37,-20.02
3.00,195.00,-56.37,-20.02
3.00,196.00,-56.37,-20.02
3.00,197.00,-52.22,-29.73
3.00,198.00,-34.63,-32.91
3.00,199.00,-42.61,-19.54
3.00,200.00,-43.30,-23.92
3.00,201.00,-43.96,-26.77
3.00,202.00,-44.60,-28.88
3.00,203.00,-45.20,-30.56
3.00,204.00,-60.98,-45.32
3.00,205.00,-60.57,-44.36
3.00,206.00,-60.15,-43.27
3.00,207.00,-59.72,-42.02
3.00,208.00,-59.28,-40.54
3.00,209.00,-59.04,-38.31
3.00,210.00,-59.12,-34.84
3.00,211.00,-59.57,-30.74
3.00,212.00,-60.00,-22.23
3.00,213.00,-60.43,-21.96
3.00,214.00,-60.80,-30.09
3.00,215.00,-61.20,-34.45
3.00,216.00,-61.59,-37.29
3.00,217.00,-61.97,-39.40
3.00,218.00,-62.34,-41.07
3.00,219.00,-62.53,-41.82
3.00,220.00,-63.03,-43.58
3.00,221.00,-63.52,-45.02
3.00,222.00,-63.99,-46.25
3.00,223.00,-64.44,-46.77
3.00,224.00,-64.88,-46.85
3.00,225.00,-65.31,-46.93
3.00,226.00,-65.39,-46.95
3.00,227.00,-65.39,-46.95
3.00,228.00,-65.39,-46.95
3.00,229.00,-65.39,-46.95
3.00,230.00,-65.39,-46.95
3.00,231.00,-65.39,-46.95
3.00,232.00,-65.26,-46.92
3.00,233.00,-64.83,-46.84
3.00,234.00,-64.39,-46.76
3.00,235.00,-63.93,-46.11
3.00,236.00,-63.46,-44.86
3.00,237.00,-62.97,-43.38
3.00,238.00,-62.54,-41.86
3.00,239.00,-62.90,-43.13
3.00,240.00,-63.24,-44.24
3.00,241.00,-63.58,-43.54
3.00,242.00,-63.92,-42.33
3.00,243.00,-64.24,-40.91
3.00,244.00,-64.56,-39.19
3.00,245.00,-64.87,-37.02
3.00,246.00,-65.18,-34.08
3.00,247.00,-65.48,-29.44
3.00,248.00,-65.77,-20.52
3.00,249.00,-66.06,-26.61
3.00,250.00,-66.34,-32.58
3.00,251.00,-66.62,-36.01
3.00,252.00,-66.89,-38.42
3.00,253.00,-67.16,-39.17
3.00,254.00,-67.42,-38.62
3.00,255.00,-67.68,-38.03
3.00,256.00,-67.93,-37.39
3.00,257.00,-68.18,-36.70
3.00,258.00,-68.43,-35.94
3.00,259.00,-68.67,-35.11
3.00,260.00,-68.90,-34.18
3.00,261.00,-69.14,-33.14
3.00,262.00,-69.37,-31.94
3.00,263.00,-69.59,-30.55
3.00,264.00,-69.81,-28.86
3.00,265.00,-70.03,-26.75
3.00,266.00,-70.25,-23.89
3.00,267.00,-70.46,-19.48
3.00,268.00,-70.67,-10.02
3.00,269.00,-70.88,-13.32
3.00,270.00,-70.94,-20.84
3.00,271.00,-70.74,-24.71
3.00,272.00,-70.53,-27.33
3.00,273.00,-70.32,-29.32
3.00,274.00,-70.10,-30.92
3.00,275.00,-69.88,-32.26
3.00,276.00,-69.66,-33.41
3.00,277.00,-69.44,-34.43
3.00,278.00,-69.21,-35.33
3.00,279.00,-68.98,-35.86
3.00,280.00,-68.74,-35.02
3.00,281.00,-68.50,-34.08
3.00,282.00,-68.26,-33.03
3.00,283.00,-68.01,-31.81
3.00,284.00,-67.76,-30.39
3.00,285.00,-67.50,-28.67
3.00,286.00,-67.24,-26.50
3.00,287.00,-66.98,-23.54
3.00,288.00,-66.71,-18.89
3.00,289.00,-66.43,-10.02
3.00,290.00,-66.15,-15.37
3.00,291.00,-65.86,-21.73
3.00,292.00,-65.57,-25.27
3.00,293.00,-65.27,-27.75
3.00,294.00,-64.97,-29.65
3.00,295.00,-64.66,-31.19
3.00,296.00,-64.34,-32.49
3.00,297.00,-64.02,-33.62
3.00,298.00,-63.69,-34.60
3.00,299.00,-63.35,-35.49
3.00,300.00,-63.01,-36.28
3.00,301.00,-62.69,-36.94
3.00,302.00,-62.69,-36.94
3.00,303.00,-62.69,-36.94
3.00,304.00,-62.69,-36.94
3.00,305.00,-62.69,-36.94
3.00,306.00,-62.69,-36.94
3.00,307.00,-62.73,-36.86
3.00,308.00,-63.08,-36.12
3.00,309.00,-63.42,-35.31
4.00,3.00,-26.09,-26.09
4.00,4.00,-28.36,-28.36
4.00,5.00,-30.14,-30.14
4.00,6.00,-50.13,-45.56
4.00,7.00,-49.64,-44.63
4.00,8.00,-49.12,-43.58
4.00,9.00,-48.56,-42.37
4.00,10.00,-47.97,-40.96
4.00,11.00,-47.47,-39.08
4.00,12.00,-47.45,-35.76
4.00,13.00,-48.03,-32.06
4.00,14.00,-48.63,-25.50
4.00,15.00,-49.18,-20.52
4.00,16.00,-49.67,-28.68
4.00,17.00,-50.14,-33.48
4.00,18.00,-50.71,-36.61
4.00,19.00,-51.50,-38.88
4.00,20.00,-52.24,-40.65
4.00,21.00,-52.76,-41.74
4.00,22.00,-53.51,-43.14
4.00,23.00,-54.42,-44.66
4.00,24.00,-55.28,-45.94
4.00,25.00,-56.09,-46.75
4.00,26.00,-56.86,-46.83
4.00,27.00,-57.59,-46.91
4.00,28.00,-57.91,-46.95
4.00,29.00,-57.91,-46.95
4.00,30.00,-57.91,-46.95
4.00,31.00,-57.91,-46.95
4.00,32.00,-57.91,-46.95
4.00,33.00,-57.91,-46.95
4.00,34.00,-57.88,-46.94
4.00,35.00,-57.17,-46.86
4.00,36.00,-56.41,-46.78
4.00,37.00,-55.62,-46.42
4.00,38.00,-54.78,-45.22
4.00,39.00,-53.89,-43.81
4.00,40.00,-52.95,-42.11
4.00,41.00,-53.32,-42.81
4.00,42.00,-53.98,-43.95
4.00,43.00,-54.61,-43.84
4.00,44.00,-55.22,-42.67
4.00,45.00,-55.80,-41.31
4.00,46.00,-56.36,-39.69
4.00,47.00,-56.90,-37.67
4.00,48.00,-57.42,-34.98
4.00,49.00,-57.92,-30.97
4.00,50.00,-58.41,-22.86
4.00,51.00,-58.88,-23.83
4.00,52.00,-59.34,-31.34
4.00,53.00,-59.78,-35.21
4.00,54.00,-60.21,-37.84
4.00,55.00,-60.63,-39.32
4.00,56.00,-61.03,-38.77
4.00,57.00,-61.43,-38.19
4.00,58.00,-61.81,-37.57
4.00,59.00,-62.19,-36.89
4.00,60.00,-62.55,-36.15
4.00,61.00,-62.91,-35.34
4.00,62.00,-63.26,-34.44
4.00,63.00,-63.60,-33.43
4.00,64.00,-63.93,-32.28
4.00,65.00,-64.26,-30.95
4.00,66.00,-64.58,-29.35
4.00,67.00,-64.89,-27.37
4.00,68.00,-65.19,-24.76
4.00,69.00,-65.49,-20.92
4.00,70.00,-65.79,-13.52
4.00,71.00,-66.07,-10.02
4.00,72.00,-66.36,-19.39
4.00,73.00,-66.63,-23.83
4.00,74.00,-66.90,-26.70
4.00,75.00,-67.17,-28.83
4.00,76.00,-67.43,-30.52
4.00,77.00,-67.69,-31.92
4.00,78.00,-67.94,-33.12
4.00,79.00,-68.19,-34.17
4.00,80.00,-68.44,-35.09
4.00,81.00,-68.68,-35.93
4.00,82.00,-68.91,-35.26
4.00,83.00,-69.15,-34.35
4.00,84.00,-69.38,-33.33
4.00,85.00,-69.60,-32.16
4.00,86.00,-69.82,-30.80
4.00,87.00,-70.04,-29.18
4.00,88.00,-70.26,-27.15
4.00,89.00,-70.47,-24.45
4.00,90.00,-70.68,-20.42
4.00,91.00,-70.89,-12.24
4.00,92.00,-70.93,-12.26
4.00,93.00,-70.73,-20.43
4.00,94.00,-70.52,-24.46
4.00,95.00,-70.31,-27.15
4.00,96.00,-70.09,-29.18
4.00,97.00,-69.87,-30.80
4.00,98.00,-69.65,-32.16
4.00,99.00,-69.43,-33.33
4.00,100.00,-69.20,-34.35
4.00,101.00,-68.97,-35.26
4.00,102.00,-68.73,-36.08
4.00,103.00,-68.49,-36.82
4.00,104.00,-68.45,-36.94
4.00,105.00,-68.45,-36.94
4.00,106.00,-68.45,-36.94
4.00,107.00,-68.45,-36.94
4.00,108.00,-68.45,-36.94
4.00,109.00,-68.45,-36.94
4.00,110.00,-68.65,-36.33
4.00,111.00,-68.89,-35.54
4.00,112.00,-69.12,-34.66
4.00,113.00,-69.35,-33.68
4.00,114.00,-69.58,-32.57
4.00,115.00,-69.80,-31.28
4.00,116.00,-70.02,-29.75
4.00,117.00,-70.24,-27.88
4.00,118.00,-70.45,-25.45
4.00,119.00,-70.66,-22.00
4.00,120.00,-70.87,-16.15
4.00,121.00,-71.16,-16.45
4.00,122.00,-71.32,-21.44
4.00,123.00,-71.52,-25.09
4.00,124.00,-71.71,-27.61
4.00,125.00,-71.90,-29.54
4.00,126.00,-72.10,-31.10
4.00,127.00,-59.62,-43.90
4.00,128.00,-59.39,-42.75
4.00,129.00,-59.16,-41.41
4.00,130.00,-58.93,-39.80
4.00,131.00,-58.69,-37.81
4.00,132.00,-58.45,-35.18
4.00,133.00,-58.67,-37.63
4.00,134.00,-58.91,-39.66
4.00,135.00,-59.14,-41.29
4.00,136.00,-59.37,-42.65
4.00,137.00,-59.60,-43.82
4.00,138.00,-72.11,-44.50
4.00,139.00,-71.92,-43.43
4.00,140.00,-71.73,-42.21
4.00,141.00,-71.53,-40.77
4.00,142.00,-71.33,-39.02
4.00,143.00,-71.13,-36.80
4.00,144.00,-70.99,-34.71
4.00,145.00,-70.83,-31.85
4.00,146.00,-70.63,-25.03
4.00,147.00,-70.52,-20.52
4.00,148.00,-70.54,-30.58
4.00,149.00,-70.57,-35.99
4.00,150.00,-70.59,-39.22
4.00,151.00,-70.61,-41.54
4.00,152.00,-70.63,-42.74
4.00,153.00,-70.65,-42.82
4.00,154.00,-70.66,-42.84
4.00,155.00,-70.66,-42.84
4.00,156.00,-70.66,-42.84
4.00,157.00,-70.66,-42.84
4.00,158.00,-70.66,-42.84
4.00,159.00,-70.66,-42.84
4.00,160.00,-70.65,-42.82
4.00,161.00,-70.63,-42.74
4.00,162.00,-70.61,-41.49
4.00,163.00,-70.59,-39.15
4.00,164.00,-70.56,-35.88
4.00,165.00,-70.54,-30.38
4.00,166.00,-70.53,-20.52
4.00,167.00,-70.74,-29.38
4.00,168.00,-71.00,-34.92
4.00,169.00,-71.25,-38.18
4.00,170.00,-71.45,-40.09
4.00,171.00,-71.65,-41.65
4.00,172.00,-71.84,-42.95
4.00,173.00,-72.03,-44.08
4.00,174.00,-59.69,-44.25
4.00,175.00,-59.46,-43.15
4.00,176.00,-59.24,-41.88
4.00,177.00,-59.01,-40.37
4.00,178.00,-58.77,-38.53
4.00,179.00,-58.56,-36.49
4.00,180.00,-58.68,-37.70
4.00,181.00,-58.92,-39.72
4.00,182.00,-59.15,-41.34
4.00,183.00,-59.38,-42.69
4.00,184.00,-59.60,-42.44
4.00,185.00,-59.83,-41.14
4.00,186.00,-60.05,-39.58
4.00,187.00,-60.26,-37.66
4.00,188.00,-60.47,-35.16
4.00,189.00,-60.68,-31.54
4.00,190.00,-60.89,-24.96
4.00,191.00,-61.04,-20.02
4.00,192.00,-61.04,-20.02
4.00,193.00,-61.04,-20.02
4.00,194.00,-61.04,-20.02
4.00,195.00,-61.04,-20.02
4.00,196.00,-61.04,-20.02
4.00,197.00,-58.14,-29.73
4.00,198.00,-36.89,-32.91
4.00,199.00,-19.54,-19.54
4.00,200.00,-23.92,-23.92
4.00,201.00,-26.77,-26.77
4.00,202.00,-28.88,-28.88
4.00,203.00,-30.56,-30.56
4.00,204.00,-50.00,-45.32
4.00,205.00,-49.51,-44.36
4.00,206.00,-48.97,-43.27
4.00,207.00,-48.41,-42.02
4.00,208.00,-47.80,-40.54
4.00,209.00,-47.46,-38.31
4.00,210.00,-47.57,-34.84
4.00,211.00,-48.20,-30.74
4.00,212.00,-48.78,-22.23
4.00,213.00,-49.32,-21.96
4.00,214.00,-49.78,-30.09
4.00,215.00,-50.27,-34.45
4.00,216.00,-50.93,-37.29
4.00,217.00,-51.70,-39.40
4.00,218.00,-52.44,-41.07
4.00,219.00,-52.80,-41.82
4.00,220.00,-53.76,-43.58
4.00,221.00,-54.65,-45.02
4.00,222.00,-55.50,-46.25
4.00,223.00,-56.30,-46.77
4.00,224.00,-57.06,-46.85
4.00,225.00,-57.78,-46.93
4.00,226.00,-57.91,-46.95
4.00,227.00,-57.91,-46.95
4.00,228.00,-57.91,-46.95
4.00,229.00,-57.91,-46.95
4.00,230.00,-57.91,-46.95
4.00,231.00,-57.91,-46.95
4.00,232.00,-57.69,-46.92
4.00,233.00,-56.97,-46.84
4.00,234.00,-56.20,-46.76
4.00,235.00,-55.40,-46.11
4.00,236.00,-54.55,-44.86
4.00,237.00,-53.64,-43.38
4.00,238.00,-52.82,-41.86
4.00,239.00,-53.50,-43.13
4.00,240.00,-54.15,-44.24
4.00,241.00,-54.78,-43.54
4.00,242.00,-55.38,-42.33
4.00,243.00,-55.95,-40.91
4.00,244.00,-56.51,-39.19
4.00,245.00,-57.04,-37.02
4.00,246.00,-57.56,-34.08
4.00,247.00,-58.06,-29.44
4.00,248.00,-58.54,-20.52
4.00,249.00,-59.01,-26.61
4.00,250.00,-59.46,-32.58
4.00,251.00,-59.90,-36.01
4.00,252.00,-60.32,-38.42
4.00,253.00,-60.74,-39.17
4.00,254.00,-61.14,-38.62
4.00,255.00,-61.53,-38.03
4.00,256.00,-61.92,-37.39
4.00,257.00,-62.29,-36.70
4.00,258.00,-62.65,-35.94
4.00,259.00,-63.01,-35.11
4.00,260.00,-63.35,-34.18
4.00,261.00,-63.69,-33.14
4.00,262.00,-64.02,-31.94
4.00,263.00,-64.34,-30.55
4.00,264.00,-64.66,-28.86
4.00,265.00,-64.97,-26.75
4.00,266.00,-65.28,-23.89
4.00,267.00,-65.57,-19.48
4.00,268.00,-65.86,-10.02
4.00,269.00,-66.15,-13.32
4.00,270.00,-66.43,-20.84
4.00,271.00,-66.71,-24.71
4.00,272.00,-66.98,-27.33
4.00,273.00,-67.24,-29.32
4.00,274.00,-67.50,-30.92
4.00,275.00,-67.76,-32.26
4.00,276.00,-68.01,-33.41
4.00,277.00,-68.26,-34.43
4.00,278.00,-68.50,-35.33
4.00,279.00,-68.74,-35.86
4.00,280.00,-68.98,-35.02
4.00,281.00,-69.21,-34.08
4.00,282.00,-69.44,-33.03
4.00,283.00,-69.66,-31.81
4.00,284.00,-69.88,-30.39
4.00,285.00,-70.10,-28.67
4.00,286.00,-70.32,-26.50
4.00,287.00,-70.53,-23.54
4.00,288.00,-70.74,-18.89
4.00,289.00,-70.94,-10.02
4.00,290.00,-70.88,-15.37
4.00,291.00,-70.67,-21.73
4.00,292.00,-70.46,-25.27
4.00,293.00,-70.25,-27.75
4.00,294.00,-70.03,-29.65
4.00,295.00,-69.81,-31.19
4.00,296.00,-69.59,-32.49
4.00,297.00,-69.37,-33.62
4.00,298.00,-69.14,-34.60
4.00,299.00,-68.90,-35.49
4.00,300.00,-68.67,-36.28
4.00,301.00,-68.45,-36.94
4.00,302.00,-68.45,-36.94
4.00,303.00,-68.45,-36.94
4.00,304.00,-68.45,-36.94
4.00,305.00,-68.45,-36.94
4.00,306.00,-68.45,-36.94
4.00,307.00,-68.48,-36.86
4.00,308.00,-68.72,-36.12
4.00,309.00,-68.95,-35.31
5.00,3.00,-26.09,-26.09
5.00,4.00,-28.36,-28.36
5.00,5.00,-30.14,-30.14
5.00,6.00,-50.13,-45.56
5.00,7.00,-49.64,-44.63
5.00,8.00,-49.12,-43.58
5.00,9.00,-48.56,-42.37
5.00,10.00,-47.97,-40.96
5.00,11.00,-47.47,-39.08
5.00,12.00,-47.45,-35.76
5.00,13.00,-48.03,-32.06
5.00,14.00,-48.63,-25.50
5.00,15.00,-49.18,-20.52
5.00,16.00,-49.67,-28.68
5.00,17.00,-50.14,-33.48
5.00,18.00,-50.71,-36.61
5.00,19.00,-51.50,-38.88
5.00,20.00,-52.24,-40.65
5.00,21.00,-52.76,-41.74
5.00,22.00,-53.51,-43.14
5.00,23.00,-54.42,-44.66
5.00,24.00,-55.28,-45.94
5.00,25.00,-56.09,-46.75
5.00,26.00,-56.86,-46.83
5.00,27.00,-57.59,-46.91
5.00,28.00,-57.91,-46.95
5.00,29.00,-57.91,-46.95
5.00,30.00,-57.91,-46.95
5.00,31.00,-57.91,-46.95
5.00,32.00,-57.91,-46.95
5.00,33.00,-57.91,-46.95
5.00,34.00,-57.88,-46.94
5.00,35.00,-57.17,-46.86
5.00,36.00,-56.41,-46.78
5.00,37.00,-55.62,-46.42
5.00,38.00,-54.78,-45.22
5.00,39.00,-53.89,-43.81
5.00,40.00,-52.95,-42.11
5.00,41.00,-53.32,-42.81
5.00,42.00,-53.98,-43.95
5.00,43.00,-54.61,-43.84
5.00,44.00,-55.22,-42.67
5.00,45.00,-55.80,-41.31
5.00,46.00,-56.36,-39.69
5.00,47.00,-56.90,-37.67
5.00,48.00,-57.42,-34.98
5.00,49.00,-57.92,-30.97
5.00,50.00,-58.41,-22.86
5.00,51.00,-58.88,-23.83
5.00,52.00,-59.34,-31.34
5.00,53.00,-59.78,-35.21
5.00,54.00,-60.21,-37.84
5.00,55.00,-60.63,-39.32
5.00,56.00,-61.03,-38.77
5.00,57.00,-61.43,-38.19
5.00,58.00,-61.81,-37.57
5.00,59.00,-62.19,-36.89
5.00,60.00,-62.55,-36.15
5.00,61.00,-62.91,-35.34
5.00,62.00,-63.26,-34.44
5.00,63.00,-63.60,-33.43
5.00,64.00,-63.93,-32.28
5.00,65.00,-64.26,-30.95
5.00,66.00,-64.58,-29.35
5.00,67.00,-64.89,-27.37
5.00,68.00,-65.19,-24.76
5.00,69.00,-65.49,-20.92
5.00,70.00,-65.79,-13.52
5.00,71.00,-66.07,-10.02
5.00,72.00,-66.36,-19.39
5.00,73.00,-66.63,-23.83
5.00,74.00,-66.90,-26.70
5.00,75.00,-67.17,-28.83
5.00,76.00,-67.43,-30.52
5.00,77.00,-67.69,-31.92
5.00,78.00,-67.94,-33.12
5.00,79.00,-68.19,-34.17
5.00,80.00,-68.44,-35.09
5.00,81.00,-68.68,-35.93
5.00,82.00,-68.91,-35.26
5.00,83.00,-69.15,-34.35
5.00,84.00,-69.38,-33.33
5.00,85.00,-69.60,-32.16
5.00,86.00,-69.82,-30.80
5.00,87.00,-70.04,-29.18
5.00,88.00,-70.26,-27.15
5.00,89.00,-70.47,-24.45
5.00,90.00,-70.68,-20.42
5.00,91.00,-70.89,-12.24
5.00,92.00,-70.93,-12.26
5.00,93.00,-70.73,-20.43
5.00,94.00,-70.52,-24.46
5.00,95.00,-70.31,-27.15
5.00,96.00,-70.09,-29.18
5.00,97.00,-69.87,-30.80
5.00,98.00,-69.65,-32.16
5.00,99.00,-69.43,-33.33
5.00,100.00,-69.20,-34.35
5.00,101.00,-68.97,-35.26
5.00,102.00,-68.73,-36.08
5.00,103.00,-68.49,-36.82
5.00,104.00,-68.45,-36.94
5.00,105.00,-68.45,-36.94
5.00,106.00,-68.45,-36.94
5.00,107.00,-68.45,-36.94
5.00,108.00,-68.45,-36.94
5.00,109.00,-68.45,-36.94
5.00,110.00,-68.65,-36.33
5.00,111.00,-68.89,-35.54
5.00,112.00,-69.12,-34.66
5.00,113.00,-69.35,-33.68
5.00,114.00,-69.58,-32.57
5.00,115.00,-69.80,-31.28
5.00,116.00,-70.02,-29.75
5.00,117.00,-70.24,-27.88
5.00,118.00,-70.45,-25.45
5.00,119.00,-70.66,-22.00
5.00,120.00,-70.87,-16.15
5.00,121.00,-71.16,-16.45
5.00,122.00,-71.32,-21.44
5.00,123.00,-71.52,-25.09
5.00,124.00,-71.71,-27.61
5.00,125.00,-71.90,-29.54
5.00,126.00,-72.10,-31.10
5.00,127.00,-59.62,-43.90
5.00,128.00,-59.39,-42.75
5.00,129.00,-59.16,-41.41
5.00,130.00,-58.93,-39.80
5.00,131.00,-58.69,-37.81
5.00,132.00,-58.45,-35.18
5.00,133.00,-58.67,-37.63
5.00,134.00,-58.91,-39.66
5.00,135.00,-59.14,-41.29
5.00,136.00,-59.37,-42.65
5.00,137.00,-59.60,-43.82
5.00,138.00,-72.11,-44.50
5.00,139.00,-71.92,-43.43
5.00,140.00,-71.73,-42.21
5.00,141.00,-71.53,-40.77
5.00,142.00,-71.33,-39.02
5.00,143.00,-71.13,-36.80
5.00,144.00,-70.99,-34.71
5.00,145.00,-70.83,-31.85
5.00,146.00,-70.63,-25.03
5.00,147.00,-70.52,-20.52
5.00,148.00,-70.54,-30.58
5.00,149.00,-70.57,-35.99
5.00,150.00,-70.59,-39.22
5.00,151.00,-70.61,-41.54
5.00,152.00,-70.63,-42.74
5.00,153.00,-70.65,-42.82
5.00,154.00,-70.66,-42.84
5.00,155.00,-70.66,-42.84
5.00,156.00,-70.66,-42.84
5.00,157.00,-70.66,-42.84
5.00,158.00,-70.66,-42.84
5.00,159.00,-70.66,-42.84
5.00,160.00,-70.65,-42.82
5.00,161.00,-70.63,-42.74
5.00,162.00,-70.61,-41.49
5.00,163.00,-70.59,-39.15
5.00,164.00,-70.56,-35.88
5.00,165.00,-70.54,-30.38
5.00,166.00,-70.53,-20.52
5.00,167.00,-70.74,-29.38
5.00,168.00,-71.00,-34.92
5.00,169.00,-71.25,-38.18
5.00,170.00,-71.45,-40.09
5.00,171.00,-71.65,-41.65
5.00,172.00,-71.84,-42.95
5.00,173.00,-72.03,-44.08
5.00,174.00,-59.69,-44.25
5.00,175.00,-59.46,-43.15
5.00,176.00,-59.24,-41.88
5.00,177.00,-59.01,-40.37
5.00,178.00,-58.77,-38.53
5.00,179.00,-58.56,-36.49
5.00,180.00,-58.68,-37.70
5.00,181.00,-58.92,-39.72
5.00,182.00,-59.15,-41.34
5.00,183.00,-59.38,-42.69
5.00,184.00,-59.60,-42.44
5.00,185.00,-59.83,-41.14
5.00,186.00,-60.05,-39.58
5.00,187.00,-60.26,-37.66
5.00,188.00,-60.47,-35.16
5.00,189.00,-60.68,-31.54
5.00,190.00,-60.89,-24.96
5.00,191.00,-61.04,-20.02
5.00,192.00,-61.04,-20.02
5.00,193.00,-61.04,-20.02
5.00,194.00,-61.04,-20.02
5.00,195.00,-61.04,-20.02
5.00,196.00,-61.04,-20.02
5.00,197.00,-58.14,-29.73
5.00,198.00,-36.89,-32.91
5.00,199.00,-19.54,-19.54
5.00,200.00,-23.92,-23.92
5.00,201.00,-26.77,-26.77
5.00,202.00,-28.88,-28.88
5.00,203.00,-30.56,-30.56
5.00,204.00,-50.00,-45.32
5.00,205.00,-49.51,-44.36
5.00,206.00,-48.97,-43.27
5.00,207.00,-48.41,-42.02
5.00,208.00,-47.80,-40.54
5.00,209.00,-47.46,-38.31
5.00,210.00,-47.57,-34.84
5.00,211.00,-48.20,-30.74
5.00,212.00,-48.78,-22.23
5.00,213.00,-49.32,-21.96
5.00,214.00,-49.78,-30.09
5.00,215.00,-50.27,-34.45
5.00,216.00,-50.93,-37.29
5.00,217.00,-51.70,-39.40
5.00,218.00,-52.44,-41.07
5.00,219.00,-52.80,-41.82
5.00,220.00,-53.76,-43.58
5.00,221.00,-54.65,-45.02
5.00,222.00,-55.50,-46.25
5.00,223.00,-56.30,-46.77
5.00,224.00,-57.06,-46.85
5.00,225.00,-57.78,-46.93
5.00,226.00,-57.91,-46.95
5.00,227.00,-57.91,-46.95
5.00,228.00,-57.91,-46.95
5.00,229.00,-57.91,-46.95
5.00,230.00,-57.91,-46.95
5.00,231.00,-57.91,-46.95
5.00,232.00,-57.69,-46.92
5.00,233.00,-56.97,-46.84
5.00,234.00,-56.20,-46.76
5.00,235.00,-55.40,-46.11
5.00,236.00,-54.55,-44.86
5.00,237.00,-53.64,-43.38
5.00,238.00,-52.82,-41.86
5.00,239.00,-53.50,-43.13
5.00,240.00,-54.15,-44.24
5.00,241.00,-54.78,-43.54
5.00,242.00,-55.38,-42.33
5.00,243.00,-55.95,-40.91
5.00,244.00,-56.51,-39.19
5.00,245.00,-57.04,-37.02
5.00,246.00,-57.56,-34.08
5.00,247.00,-58.06,-29.44
5.00,248.00,-58.54,-20.52
5.00,249.00,-59.01,-26.61
5.00,250.00,-59.46,-32.58
5.00,251.00,-59.90,-36.01
5.00,252.00,-60.32,-38.42
5.00,253.00,-60.74,-39.17
5.00,254.00,-61.14,-38.62
5.00,255.00,-61.53,-38.03
5.00,256.00,-61.92,-37.39
5.00,257.00,-62.29,-36.70
5.00,258.00,-62.65,-35.94
5.00,259.00,-63.01,-35.11
5.00,260.00,-63.35,-34.18
5.00,261.00,-63.69,-33.14
5.00,262.00,-64.02,-31.94
5.00,263.00,-64.34,-30.55
5.00,264.00,-64.66,-28.86
5.00,265.00,-64.97,-26.75
5.00,266.00,-65.28,-23.89
5.00,267.00,-65.57,-19.48
5.00,268.00,-65.86,-10.02
5.00,269.00,-66.15,-13.32
5.00,270.00,-66.43,-20.84
5.00,271.00,-66.71,-24.71
5.00,272.00,-66.98,-27.33
5.00,273.00,-67.24,-29.32
5.00,274.00,-67.50,-30.92
5.00,275.00,-67.76,-32.26
5.00,276.00,-68.01,-33.41
5.00,277.00,-68.26,-34.43
5.00,278.00,-68.50,-35.33
5.00,279.00,-68.74,-35.86
5.00,280.00,-68.98,-35.02
5.00,281.00,-69.21,-34.08
5.00,282.00,-69.44,-33.03
5.00,283.00,-69.66,-31.81
5.00,284.00,-69.88,-30.39
5.00,285.00,-70.10,-28.67
5.00,286.00,-70.32,-26.50
5.00,287.00,-70.53,-23.54
5.00,288.00,-70.74,-18.89
5.00,289.00,-70.94,-10.02
5.00,290.00,-70.88,-15.37
5.00,291.00,-70.67,-21.73
5.00,292.00,-70.46,-25.27
5.00,293.00,-70.25,-27.75
5.00,294.00,-70.03,-29.65
5.00,295.00,-69.81,-31.19
5.00,296.00,-69.59,-32.49
5.00,297.00,-69.37,-33.62
5.00,298.00,-69.14,-34.60
5.00,299.00,-68.90,-35.49
5.00,300.00,-68.67,-36.28
5.00,301.00,-68.45,-36.94
5.00,302.00,-68.45,-36.94
5.00,303.00,-68.45,-36.94
5.00,304.00,-68.45,-36.94
5.00,305.00,-68.45,-36.94
5.00,306.00,-68.45,-36.94
5.00,307.00,-68.48,-36.86
5.00,308.00,-68.72,-36.12
5.00,309.00,-68.95,-35.31
6.00,3.00,-26.09,-26.09
6.00,4.00,-28.36,-28.36
6.00,5.00,-30.14,-30.14
6.00,6.00,-50.13,-45.56
6.00,7.00,-49.64,-44.63
6.00,8.00,-49.12,-43.58
6.00,9.00,-48.56,-42.37
6.00,10.00,-47.97,-40.96
6.00,11.00,-47.47,-39.08
6.00,12.00,-47.45,-35.76
6.00,13.00,-48.03,-32.06
6.00,14.00,-48.63,-25.50
6.00,15.00,-49.18,-20.52
6.00,16.00,-49.67,-28.68
6.00,17.00,-50.14,-33.48
6.00,18.00,-50.71,-36.61
6.00,19.00,-51.50,-38.88
6.00,20.00,-52.24,-40.65
6.00,21.00,-52.76,-41.74
6.00,22.00,-53.51,-43.14
6.00,23.00,-54.42,-44.66
6.00,24.00,-55.28,-45.94
6.00,25.00,-56.09,-46.75
6.00,26.00,-56.86,-46.83
6.00,27.00,-57.59,-46.91
6.00,28.00,-57.91,-46.95
6.00,29.00,-57.91,-46.95
6.00,30.00,-57.91,-46.95
6.00,31.00,-57.91,-46.95
6.00,32.00,-57.91,-46.95
6.00,33.00,-57.91,-46.95
6.00,34.00,-57.88,-46.94
6.00,35.00,-57.17,-46.86
6.00,36.00,-56.41,-46.78
6.00,37.00,-55.62,-46.42
6.00,38.00,-54.78,-45.22
6.00,39.00,-53.89,-43.81
6.00,40.00,-52.95,-42.11
6.00,41.00,-53.32,-42.81
6.00,42.00,-53.98,-43.95
6.00,43.00,-54.61,-43.84
6.00,44.00,-55.22,-42.67
6.00,45.00,-55.80,-41.31
6.00,46.00,-56.36,-39.69
6.00,47.00,-56.90,-37.67
6.00,48.00,-57.42,-34.98
6.00,49.00,-57.92,-30.97
6.00,50.00,-58.41,-22.86
6.00,51.00,-58.88,-23.83
6.00,52.00,-59.34,-31.34
6.00,53.00,-59.78,-35.21
6.00,54.00,-60.21,-37.84
6.00,55.00,-60.63,-39.32
6.00,56.00,-61.03,-38.77
6.00,57.00,-61.43,-38.19
6.00,58.00,-61.81,-37.57
6.00,59.00,-62.19,-36.89
6.00,60.00,-62.55,-36.15
6.00,61.00,-62.91,-35.34
6.00,62.00,-63.26,-34.44
6.00,63.00,-63.60,-33.43
6.00,64.00,-63.93,-32.28
6.00,65.00,-64.26,-30.95
6.00,66.00,-64.58,-29.35
6.00,67.00,-64.89,-27.37
6.00,68.00,-65.19,-24.76
6.00,69.00,-65.49,-20.92
6.00,70.00,-65.79,-13.52
6.00,71.00,-66.07,-10.02
6.00,72.00,-66.36,-19.39
6.00,73.00,-66.63,-23.83
6.00,74.00,-66.90,-26.70
6.00,75.00,-67.17,-28.83
6.00,76.00,-67.43,-30.52
6.00,77.00,-67.69,-31.92
6.00,78.00,-67.94,-33.12
6.00,79.00,-68.19,-34.17
6.00,80.00,-68.44,-35.09
6.00,81.00,-68.68,-35.93
6.00,82.00,-68.91,-35.26
6.00,83.00,-69.15,-34.35
6.00,84.00,-69.38,-33.33
6.00,85.00,-69.60,-32.16
6.00,86.00,-69.82,-30.80
6.00,87.00,-70.04,-29.18
6.00,88.00,-70.26,-27.15
6.00,89.00,-70.47,-24.45
6.00,90.00,-70.68,-20.42
6.00,91.00,-70.89,-12.24
6.00,92.00,-70.93,-12.26
6.00,93.00,-70.73,-20.43
6.00,94.00,-70.52,-24.46
6.00,95.00,-70.31,-27.15
6.00,96.00,-70.09,-29.18
6.00,97.00,-69.87,-30.80
6.00,98.00,-69.65,-32.16
6.00,99.00,-69.43,-33.33
6.00,100.00,-69.20,-34.35
6.00,101.00,-68.97,-35.26
6.00,102.00,-68.73,-36.08
6.00,103.00,-68.49,-36.82
6.00,104.00,-68.45,-36.94
6.00,105.00,-68.45,-36.94
6.00,106.00,-68.45,-36.94
6.00,107.00,-68.45,-36.94
6.00,108.00,-68.45,-36.94
6.00,109.00,-68.45,-36.94
6.00,110.00,-68.65,-36.33
6.00,111.00,-68.89,-35.54
6.00,112.00,-69.12,-34.66
6.00,113.00,-69.35,-33.68
6.00,114.00,-69.58,-32.57
6.00,115.00,-69.80,-31.28
6.00,116.00,-70.02,-29.75
6.00,117.00,-70.24,-27.88
6.00,118.00,-70.45,-25.45
6.00,119.00,-70.66,-22.00
6.00,120.00,-70.87,-16.15
6.00,121.00,-71.16,-16.45
6.00,122.00,-71.32,-21.44
6.00,123.00,-71.52,-25.09
6.00,124.00,-71.71,-27.61
6.00,125.00,-71.90,-29.54
6.00,126.00,-72.10,-31.10
6.00,127.00,-59.62,-43.90
6.00,128.00,-59.39,-42.75
6.00,129.00,-59.16,-41.41
6.00,130.00,-58.93,-39.80
6.00,131.00,-58.69,-37.81
6.00,132.00,-58.45,-35.18
6.00,133.00,-58.67,-37.63
6.00,134.00,-58.91,-39.66
6.00,135.00,-59.14,-41.29
6.00,136.00,-59.37,-42.65
6.00,137.00,-59.60,-43.82
6.00,138.00,-72.11,-44.50
6.00,139.00,-71.92,-43.43
6.00,140.00,-71.73,-42.21
6.00,141.00,-71.53,-40.77
6.00,142.00,-71.33,-39.02
6.00,143.00,-71.13,-36.80
6.00,144.00,-70.99,-34.71
6.00,145.00,-70.83,-31.85
6.00,146.00,-70.63,-25.03
6.00,147.00,-70.52,-20.52
6.00,148.00,-70.54,-30.58
6.00,149.00,-70.57,-35.99
6.00,150.00,-70.59,-39.22
6.00,151.00,-70.61,-41.54
6.00,152.00,-70.63,-42.74
6.00,153.00,-70.65,-42.82
6.00,154.00,-70.66,-42.84
6.00,155.00,-70.66,-42.84
6.00,156.00,-70.66,-42.84
6.00,157.00,-70.66,-42.84
6.00,158.00,-70.66,-42.84
6.00,159.00,-70.66,-42.84
6.00,160.00,-70.65,-42.82
6.00,161.00,-70.63,-42.74
6.00,162.00,-70.61,-41.49
6.00,163.00,-70.59,-39.15
6.00,164.00,-70.56,-35.88
6.00,165.00,-70.54,-30.38
6.00,166.00,-70.53,-20.52
6.00,167.00,-70.74,-29.38
6.00,168.00,-71.00,-34.92
6.00,169.00,-71.25,-38.18
6.00,170.00,-71.45,-40.09
6.00,171.00,-71.65,-41.65
6.00,172.00,-71.84,-42.95
6.00,173.00,-72.03,-44.08
6.00,174.00,-59.69,-44.25
6.00,175.00,-59.46,-43.15
6.00,176.00,-59.24,-41.88
6.00,177.00,-59.01,-40.37
6.00,178.00,-58.77,-38.53
6.00,179.00,-58.56,-36.49
6.00,180.00,-58.68,-37.70
6.00,181.00,-58.92,-39.72
6.00,182.00,-59.15,-41.34
6.00,183.00,-59.38,-42.69
6.00,184.00,-59.60,-42.44
6.00,185.00,-59.83,-41.14
6.00,186.00,-60.05,-39.58
6.00,187.00,-60.26,-37.66
6.00,188.00,-60.47,-35.16
6.00,189.00,-60.68,-31.54
6.00,190.00,-60.89,-24.96
6.00,191.00,-61.04,-20.02
6.00,192.00,-61.04,-20.02
6.00,193.00,-61.04,-20.02
6.00,194.00,-61.04,-20.02
6.00,195.00,-61.04,-20.02
6.00,196.00,-61.04,-20.02
6.00,197.00,-58.14,-29.73
6.00,198.00,-36.89,-32.91
6.00,199.00,-19.54,-19.54
6.00,200.00,-23.92,-23.92
6.00,201.00,-26.77,-26.77
6.00,202.00,-28.88,-28.88
6.00,203.00,-30.56,-30.56
6.00,204.00,-50.00,-45.32
6.00,205.00,-49.51,-44.36
6.00,206.00,-48.97,-43.27
6.00,207.00,-48.41,-42.02
6.00,208.00,-47.80,-40.54
6.00,209.00,-47.46,-38.31
6.00,210.00,-47.57,-34.84
6.00,211.00,-48.20,-30.74
6.00,212.00,-48.78,-22.23
6.00,213.00,-49.32,-21.96
6.00,214.00,-49.78,-30.09
6.00,215.00,-50.27,-34.45
6.00,216.00,-50.93,-37.29
6.00,217.00,-51.70,-39.40
6.00,218.00,-52.44,-41.07
6.00,219.00,-52.80,-41.82
6.00,220.00,-53.76,-43.58
6.00,221.00,-54.65,-45.02
6.00,222.00,-55.50,-46.25
6.00,223.00,-56.30,-46.77
6.00,224.00,-57.06,-46.85
6.00,225.00,-57.78,-46.93
6.00,226.00,-57.91,-46.95
6.00,227.00,-57.91,-46.95
6.00,228.00,-57.91,-46.95
6.00,229.00,-57.91,-46.95
6.00,230.00,-57.91,-46.95
6.00,231.00,-57.91,-46.95
6.00,232.00,-57.69,-46.92
6.00,233.00,-56.97,-46.84
6.00,234.00,-56.20,-46.76
6.00,235.00,-55.40,-46.11
6.00,236.00,-54.55,-44.86
6.00,237.00,-53.64,-43.38
6.00,238.00,-52.82,-41.86
6.00,239.00,-53.50,-43.13
6.00,240.00,-54.15,-44.24
6.00,241.00,-54.78,-43.54
6.00,242.00,-55.38,-42.33
6.00,243.00,-55.95,-40.91
6.00,244.00,-56.51,-39.19
6.00,245.00,-57.04,-37.02
6.00,246.00,-57.56,-34.08
6.00,247.00,-58.06,-29.44
6.00,248.00,-58.54,-20.52
6.00,249.00,-59.01,-26.61
6.00,250.00,-59.46,-32.58
6.00,251.00,-59.90,-36.01
6.00,252.00,-60.32,-38.42
6.00,253.00,-60.74,-39.17
6.00,254.00,-61.14,-38.62
6.00,255.00,-61.53,-38.03
6.00,256.00,-61.92,-37.39
6.00,257.00,-62.29,-36.70
6.00,258.00,-62.65,-35.94
6.00,259.00,-63.01,-35.11
6.00,260.00,-63.35,-34.18
6.00,261.00,-63.69,-33.14
6.00,262.00,-64.02,-31.94
6.00,263.00,-64.34,-30.55
6.00,264.00,-64.66,-28.86
6.00,265.00,-64.97,-26.75
6.00,266.00,-65.28,-23.89
6.00,267.00,-65.57,-19.48
6.00,268.00,-65.86,-10.02
6.00,269.00,-66.15,-13.32
6.00,270.00,-66.43,-20.84
6.00,271.00,-66.71,-24.71
6.00,272.00,-66.98,-27.33
6.00,273.00,-67.24,-29.32
6.00,274.00,-67.50,-30.92
6.00,275.00,-67.76,-32.26
6.00,276.00,-68.01,-33.41
6.00,277.00,-68.26,-34.43
6.00,278.00,-68.50,-35.33
6.00,279.00,-68.74,-35.86
6.00,280.00,-68.98,-35.02
6.00,281.00,-69.21,-34.08
6.00,282.00,-69.44,-33.03
6.00,283.00,-69.66,-31.81
6.00,284.00,-69.88,-30.39
6.00,285.00,-70.10,-28.67
6.00,286.00,-70.32,-26.50
6.00,287.00,-70.53,-23.54
6.00,288.00,-70.74,-18.89
6.00,289.00,-70.94,-10.02
6.00,290.00,-70.88,-15.37
6.00,291.00,-70.67,-21.73
6.00,292.00,-70.46,-25.27
6.00,293.00,-70.25,-27.75
6.00,294.00,-70.03,-29.65
6.00,295.00,-69.81,-31.19
6.00,296.00,-69.59,-32.49
6.00,297.00,-69.37,-33.62
6.00,298.00,-69.14,-34.60
6.00,299.00,-68.90,-35.49
6.00,300.00,-68.67,-36.28
6.00,301.00,-68.45,-36.94
6.00,302.00,-68.45,-36.94
6.00,303.00,-68.45,-36.94
6.00,304.00,-68.45,-36.94
6.00,305.00,-68.45,-36.94
6.00,306.00,-68.45,-36.94
6.00,307.00,-68.48,-36.86
6.00,308.00,-68.72,-36.12
6.00,309.00,-68.95,-35.31
7.00,3.00,-26.09,-26.09
7.00,4.00,-28.36,-28.36
7.00,5.00,-30.14,-30.14
7.00,6.00,-50.13,-45.56
7.00,7.00,-49.64,-44.63
7.00,8.00,-49.12,-43.58
7.00,9.00,-48.56,-42.37
7.00,10.00,-47.97,-40.96
7.00,11.00,-47.47,-39.08
7.00,12.00,-47.45,-35.76
7.00,13.00,-48.03,-32.06
7.00,14.00,-48.63,-25.50
7.00,15.00,-49.18,-20.52
7.00,16.00,-49.67,-28.68
7.00,17.00,-50.14,-33.48
7.00,18.00,-50.71,-36.61
7.00,19.00,-51.50,-38.88
7.00,20.00,-52.24,-40.65
7.00,21.00,-52.76,-41.74
7.00,22.00,-53.51,-43.14
7.00,23.00,-54.42,-44.66
7.00,24.00,-55.28,-45.94
7.00,25.00,-56.09,-46.75
7.00,26.00,-56.86,-46.83
7.00,27.00,-57.59,-46.91
7.00,28.00,-57.91,-46.95
7.00,29.00,-57.91,-46.95
7.00,30.00,-57.91,-46.95
7.00,31.00,-57.91,-46.95
7.00,32.00,-57.91,-46.95
7.00,33.00,-57.91,-46.95
7.00,34.00,-57.88,-46.94
7.00,35.00,-57.17,-46.86
7.00,36.00,-56.41,-46.78
7.00,37.00,-55.62,-46.42
7.00,38.00,-54.78,-45.22
7.00,39.00,-53.89,-43.81
7.00,40.00,-52.95,-42.11
7.00,41.00,-53.32,-42.81
7.00,42.00,-53.98,-43.95
7.00,43.00,-54.61,-43.84
7.00,44.00,-55.22,-42.67
7.00,45.00,-55.80,-41.31
7.00,46.00,-56.36,-39.69
7.00,47.00,-56.90,-37.67
7.00,48.00,-57.42,-34.98
7.00,49.00,-57.92,-30.97
7.00,50.00,-58.41,-22.86
7.00,51.00,-58.88,-23.83
7.00,52.00,-59.34,-31.34
7.00,53.00,-59.78,-35.21
7.00,54.00,-60.21,-37.84
7.00,55.00,-60.63,-39.32
7.00,56.00,-61.03,-38.77
7.00,57.00,-61.43,-38.19
7.00,58.00,-61.81,-37.57
7.00,59.00,-62.19,-36.89
7.00,60.00,-62.55,-36.15
7.00,61.00,-62.91,-35.34
7.00,62.00,-63.26,-34.44
7.00,63.00,-63.60,-33.43
7.00,64.00,-63.93,-32.28
7.00,65.00,-64.26,-30.95
7.00,66.00,-64.58,-29.35
7.00,67.00,-64.89,-27.37
7.00,68.00,-65.19,-24.76
7.00,69.00,-65.49,-20.92
7.00,70.00,-65.79,-13.52
7.00,71.00,-66.07,-10.02
7.00,72.00,-66.36,-19.39
7.00,73.00,-66.63,-23.83
7.00,74.00,-66.90,-26.70
7.00,75.00,-67.17,-28.83
7.00,76.00,-67.43,-30.52
7.00,77.00,-67.69,-31.92
7.00,78.00,-67.94,-33.12
7.00,79.00,-68.19,-34.17
7.00,80.00,-68.44,-35.09
7.00,81.00,-68.68,-35.93
7.00,82.00,-68.91,-35.26
7.00,83.00,-69.15,-34.35
7.00,84.00,-69.38,-33.33
7.00,85.00,-69.60,-32.16
7.00,86.00,-69.82,-30.80
7.00,87.00,-70.04,-29.18
7.00,88.00,-70.26,-27.15
7.00,89.00,-70.47,-24.45
7.00,90.00,-70.68,-20.42
7.00,91.00,-70.89,-12.24
7.00,92.00,-70.93,-12.26
7.00,93.00,-70.73,-20.43
7.00,94.00,-70.52,-24.46
7.00,95.00,-70.31,-27.15
7.00,96.00,-70.09,-29.18
7.00,97.00,-69.87,-30.80
7.00,98.00,-69.65,-32.16
7.00,99.00,-69.43,-33.33
7.00,100.00,-69.20,-34.35
7.00,101.00,-68.97,-35.26
7.00,102.00,-68.73,-36.08
7.00,103.00,-68.49,-36.82
7.00,104.00,-68.45,-36.94
7.00,105.00,-68.45,-36.94
7.00,106.00,-68.45,-36.94
7.00,107.00,-68.45,-36.94
7.00,108.00,-68.45,-36.94
7.00,109.00,-68.45,-36.94
7.00,110.00,-68.65,-36.33
7.00,111.00,-68.89,-35.54
7.00,112.00,-69.12,-34.66
7.00,113.00,-69.35,-33.68
7.00,114.00,-69.58,-32.57
7.00,115.00,-69.80,-31.28
7.00,116.00,-70.02,-29.75
7.00,117.00,-70.24,-27.88
7.00,118.00,-70.45,-25.45
7.00,119.00,-70.66,-22.00
7.00,120.00,-70.87,-16.15
7.00,121.00,-71.16,-16.45
7.00,122.00,-71.32,-21.44
7.00,123.00,-71.52,-25.09
7.00,124.00,-71.71,-27.61
7.00,125.00,-71.90,-29.54
7.00,126.00,-72.10,-31.10
7.00,127.00,-59.62,-43.90
7.00,128.00,-59.39,-42.75
7.00,129.00,-59.16,-41.41
7.00,130.00,-58.93,-39.80
7.00,131.00,-58.69,-37.81
7.00,132.00,-58.45,-35.18
7.00,133.00,-58.67,-37.63
7.00,134.00,-58.91,-39.66
7.00,135.00,-59.14,-41.29
7.00,136.00,-59.37,-42.65
7.00,137.00,-59.60,-43.82
7.00,138.00,-72.11,-44.50
7.00,139.00,-71.92,-43.43
7.00,140.00,-71.73,-42.21
7.00,141.00,-71.53,-40.77
7.00,142.00,-71.33,-39.02
7.00,143.00,-71.13,-36.80
7.00,144.00,-70.99,-34.71
7.00,145.00,-70.83,-31.85
7.00,146.00,-70.63,-25.03
7.00,147.00,-70.52,-20.52
7.00,148.00,-70.54,-30.58
7.00,149.00,-70.57,-35.99
7.00,150.00,-70.59,-39.22
7.00,151.00,-70.61,-41.54
7.00,152.00,-70.63,-42.74
7.00,153.00,-70.65,-42.82
7.00,154.00,-70.66,-42.84
7.00,155.00,-70.66,-42.84
7.00,156.00,-70.66,-42.84
7.00,157.00,-70.66,-42.84
7.00,158.00,-70.66,-42.84
7.00,159.00,-70.66,-42.84
7.00,160.00,-70.65,-42.82
7.00,161.00,-70.63,-42.74
7.00,162.00,-70.61,-41.49
7.00,163.00,-70.59,-39.15
7.00,164.00,-70.56,-35.88
7.00,165.00,-70.54,-30.38
7.00,166.00,-70.53,-20.52
7.00,167.00,-70.74,-29.38
7.00,168.00,-71.00,-34.92
7.00,169.00,-71.25,-38.18
7.00,170.00,-71.45,-40.09
7.00,171.00,-71.65,-41.65
7.00,172.00,-71.84,-42.95
7.00,173.00,-72.03,-44.08
7.00,174.00,-59.69,-44.25
7.00,175.00,-59.46,-43.15
7.00,176.00,-59.24,-41.88
7.00,177.00,-59.01,-40.37
7.00,178.00,-58.77,-38.53
7.00,179.00,-58.56,-36.49
7.00,180.00,-58.68,-37.70
7.00,181.00,-58.92,-39.72
7.00,182.00,-59.15,-41.34
7.00,183.00,-59.38,-42.69
7.00,184.00,-59.60,-42.44
7.00,185.00,-59.83,-41.14
7.00,186.00,-60.05,-39.58
7.00,187.00,-60.26,-37.66
7.00,188.00,-60.47,-35.16
7.00,189.00,-60.68,-31.54
7.00,190.00,-60.89,-24.96
7.00,191.00,-61.04,-20.02
7.00,192.00,-61.04,-20.02
7.00,193.00,-61.04,-20.02
7.00,194.00,-61.04,-20.02
7.00,195.00,-61.04,-20.02
7.00,196.00,-61.04,-20.02
7.00,197.00,-58.14,-29.73
7.00,198.00,-36.89,-32.91
7.00,199.00,-19.54,-19.54
7.00,200.00,-23.92,-23.92
7.00,201.00,-26.77,-26.77
7.00,202.00,-28.88,-28.88
7.00,203.00,-30.56,-30.56
7.00,204.00,-50.00,-45.32
7.00,205.00,-49.51,-44.36
7.00,206.00,-48.97,-43.27
7.00,207.00,-48.41,-42.02
7.00,208.00,-47.80,-40.54
7.00,209.00,-47.46,-38.31
7.00,210.00,-47.57,-34.84
7.00,211.00,-48.20,-30.74
7.00,212.00,-48.78,-22.23
7.00,213.00,-49.32,-21.96
7.00,214.00,-49.78,-30.09
7.00,215.00,-50.27,-34.45
7.00,216.00,-50.93,-37.29
7.00,217.00,-51.70,-39.40
7.00,218.00,-52.44,-41.07
7.00,219.00,-52.80,-41.82
7.00,220.00,-53.76,-43.58
7.00,221.00,-54.65,-45.02
7.00,222.00,-55.50,-46.25
7.00,223.00,-56.30,-46.77
7.00,224.00,-57.06,-46.85
7.00,225.00,-57.78,-46.93
7.00,226.00,-57.91,-46.95
7.00,227.00,-57.91,-46.95
7.00,228.00,-57.91,-46.95
7.00,229.00,-57.91,-46.95
7.00,230.00,-57.91,-46.95
7.00,231.00,-57.91,-46.95
7.00,232.00,-57.69,-46.92
7.00,233.00,-56.97,-46.84
7.00,234.00,-56.20,-46.76
7.00,235.00,-55.40,-46.11
7.00,236.00,-54.55,-44.86
7.00,237.00,-53.64,-43.38
7.00,238.00,-52.82,-41.86
7.00,239.00,-53.50,-43.13
7.00,240.00,-54.15,-44.24
7.00,241.00,-54.78,-43.54
7.00,242.00,-55.38,-42.33
7.00,243.00,-55.95,-40.91
7.00,244.00,-56.51,-39.19
7.00,245.00,-57.04,-37.02
7.00,246.00,-57.56,-34.08
7.00,247.00,-58.06,-29.44
7.00,248.00,-58.54,-20.52
7.00,249.00,-59.01,-26.61
7.00,250.00,-59.46,-32.58
7.00,251.00,-59.90,-36.01
7.00,252.00,-60.32,-38.42
7.00,253.00,-60.74,-39.17
7.00,254.00,-61.14,-38.62
7.00,255.00,-61.53,-38.03
7.00,256.00,-61.92,-37.39
7.00,257.00,-62.29,-36.70
7.00,258.00,-62.65,-35.94
7.00,259.00,-63.01,-35.11
7.00,260.00,-63.35,-34.18
7.00,261.00,-63.69,-33.14
7.00,262.00,-64.02,-31.94
7.00,263.00,-64.34,-30.55
7.00,264.00,-64.66,-28.86
7.00,265.00,-64.97,-26.75
7.00,266.00,-65.28,-23.89
7.00,267.00,-65.57,-19.48
7.00,268.00,-65.86,-10.02
7.00,269.00,-66.15,-13.32
7.00,270.00,-66.43,-20.84
7.00,271.00,-66.71,-24.71
7.00,272.00,-66.98,-27.33
7.00,273.00,-67.24,-29.32
7.00,274.00,-67.50,-30.92
7.00,275.00,-67.76,-32.26
7.00,276.00,-68.01,-33.41
7.00,277.00,-68.26,-34.43
7.00,278.00,-68.50,-35.33
7.00,279.00,-68.74,-35.86
7.00,280.00,-68.98,-35.02
7.00,281.00,-69.21,-34.08
7.00,282.00,-69.44,-33.03
7.00,283.00,-69.66,-31.81
7.00,284.00,-69.88,-30.39
7.00,285.00,-70.10,-28.67
7.00,286.00,-70.32,-26.50
7.00,287.00,-70.53,-23.54
7.00,288.00,-70.74,-18.89
7.00,289.00,-70.94,-10.02
7.00,290.00,-70.88,-15.37
7.00,291.00,-70.67,-21.73
7.00,292.00,-70.46,-25.27
7.00,293.00,-70.25,-27.75
7.00,294.00,-70.03,-29.65
7.00,295.00,-69.81,-31.19
7.00,296.00,-69.59,-32.49
7.00,297.00,-69.37,-33.62
7.00,298.00,-69.14,-34.60
7.00,299.00,-68.90,-35.49
7.00,300.00,-68.67,-36.28
7.00,301.00,-68.45,-36.94
7.00,302.00,-68.45,-36.94
7.00,303.00,-68.45,-36.94
7.00,304.00,-68.45,-36.94
7.00,305.00,-68.45,-36.94
7.00,306.00,-68.45,-36.94
7.00,307.00,-68.48,-36.86
7.00,308.00,-68.72,-36.12
7.00,309.00,-68.95,-35.31
8.00,3.00,-26.09,-26.09
8.00,4.00,-28.36,-28.36
8.00,5.00,-30.14,-30.14
8.00,6.00,-50.13,-45.56
8.00,7.00,-49.64,-44.63
8.00,8.00,-49.12,-43.58
8.00,9.00,-48.56,-42.37
8.00,10.00,-47.97,-40.96
8.00,11.00,-47.47,-39.08
8.00,12.00,-47.45,-35.76
8.00,13.00,-48.03,-32.06
8.00,14.00,-48.63,-25.50
8.00,15.00,-49.18,-20.52
8.00,16.00,-49.67,-28.68
8.00,17.00,-50.14,-33.48
8.00,18.00,-50.71,-36.61
8.00,19.00,-51.50,-38.88
8.00,20.00,-52.24,-40.65
8.00,21.00,-52.76,-41.74
8.00,22.00,-53.51,-43.14
8.00,23.00,-54.42,-44.66
8.00,24.00,-55.28,-45.94
8.00,25.00,-56.09,-46.75
8.00,26.00,-56.86,-46.83
8.00,27.00,-57.59,-46.91
8.00,28.00,-57.91,-46.95
8.00,29.00,-57.91,-46.95
8.00,30.00,-57.91,-46.95
8.00,31.00,-57.91,-46.95
8.00,32.00,-57.91,-46.95
8.00,33.00,-57.91,-46.95
8.00,34.00,-57.88,-46.94
8.00,35.00,-57.17,-46.86
8.00,36.00,-56.41,-46.78
8.00,37.00,-55.62,-46.42
8.00,38.00,-54.78,-45.22
8.00,39.00,-53.89,-43.81
8.00,40.00,-52.95,-42.11
8.00,41.00,-53.32,-42.81
8.00,42.00,-53.98,-43.95
8.00,43.00,-54.61,-43.84
8.00,44.00,-55.22,-42.67
8.00,45.00,-55.80,-41.31
8.00,46.00,-56.36,-39.69
8.00,47.00,-56.90,-37.67
8.00,48.00,-57.42,-34.98
8.00,49.00,-57.92,-30.97
8.00,50.00,-58.41,-22.86
8.00,51.00,-58.88,-23.83
8.00,52.00,-59.34,-31.34
8.00,53.00,-59.78,-35.21
8.00,54.00,-60.21,-37.84
8.00,55.00,-60.63,-39.32
8.00,56.00,-61.03,-38.77
8.00,57.00,-61.43,-38.19
8.00,58.00,-61.81,-37.57
8.00,59.00,-62.19,-36.89
8.00,60.00,-62.55,-36.15
8.00,61.00,-62.91,-35.34
8.00,62.00,-63.26,-34.44
8.00,63.00,-63.60,-33.43
8.00,64.00,-63.93,-32.28
8.00,65.00,-64.26,-30.95
8.00,66.00,-64.58,-29.35
8.00,67.00,-64.89,-27.37
8.00,68.00,-65.19,-24.76
8.00,69.00,-65.49,-20.92
8.00,70.00,-65.79,-13.52
8.00,71.00,-66.07,-10.02
8.00,72.00,-66.36,-19.39
8.00,73.00,-66.63,-23.83
8.00,74.00,-66.90,-26.70
8.00,75.00,-67.17,-28.83
8.00,76.00,-67.43,-30.52
8.00,77.00,-67.69,-31.92
8.00,78.00,-67.94,-33.12
8.00,79.00,-68.19,-34.17
8.00,80.00,-68.44,-35.09
8.00,81.00,-68.68,-35.93
8.00,82.00,-68.91,-35.26
8.00,83.00,-69.15,-34.35
8.00,84.00,-69.38,-33.33
8.00,85.00,-69.60,-32.16
8.00,86.00,-69.82,-30.80
8.00,87.00,-70.04,-29.18
8.00,88.00,-70.26,-27.15
8.00,89.00,-70.47,-24.45
8.00,90.00,-70.68,-20.42
8.00,91.00,-70.89,-12.24
8.00,92.00,-70.93,-12.26
8.00,93.00,-70.73,-20.43
8.00,94.00,-70.52,-24.46
8.00,95.00,-70.31,-27.15
8.00,96.00,-70.09,-29.18
8.00,97.00,-69.87,-30.80
8.00,98.00,-69.65,-32.16
8.00,99.00,-69.43,-33.33
8.00,100.00,-69.20,-34.35
8.00,101.00,-68.97,-35.26
8.00,102.00,-68.73,-36.08
8.00,103.00,-68.49,-36.82
8.00,104.00,-68.45,-36.94
8.00,105.00,-68.45,-36.94
8.00,106.00,-68.45,-36.94
8.00,107.00,-68.45,-36.94
8.00,108.00,-68.45,-36.94
8.00,109.00,-68.45,-36.94
8.00,110.00,-68.65,-36.33
8.00,111.00,-68.89,-35.54
8.00,112.00,-69.12,-34.66
8.00,113.00,-69.35,-33.68
8.00,114.00,-69.58,-32.57
8.00,115.00,-69.80,-31.28
8.00,116.00,-70.02,-29.75
8.00,117.00,-70.24,-27.88
8.00,118.00,-70.45,-25.45
8.00,119.00,-70.66,-22.00
8.00,120.00,-70.87,-16.15
8.00,121.00,-71.16,-16.45
8.00,122.00,-71.32,-21.44
8.00,123.00,-71.52,-25.09
8.00,124.00,-71.71,-27.61
8.00,125.00,-71.90,-29.54
8.00,126.00,-72.10,-31.10
8.00,127.00,-59.62,-43.90
8.00,128.00,-59.39,-42.75
8.00,129.00,-59.16,-41.41
8.00,130.00,-58.93,-39.80
8.00,131.00,-58.69,-37.81
8.00,132.00,-58.45,-35.18
8.00,133.00,-58.67,-37.63
8.00,134.00,-58.91,-39.66
8.00,135.00,-59.14,-41.29
8.00,136.00,-59.37,-42.65
8.00,137.00,-59.60,-43.82
8.00,138.00,-72.11,-44.50
8.00,139.00,-71.92,-43.43
8.00,140.00,-71.73,-42.21
8.00,141.00,-71.53,-40.77
8.00,142.00,-71.33,-39.02
8.00,143.00,-71.13,-36.80
8.00,144.00,-70.99,-34.71
8.00,145.00,-70.83,-31.85
8.00,146.00,-70.63,-25.03
8.00,147.00,-70.52,-20.52
8.00,148.00,-70.54,-30.58
8.00,149.00,-70.57,-35.99
8.00,150.00,-70.59,-39.22
8.00,151.00,-70.61,-41.54
8.00,152.00,-70.63,-42.74
8.00,153.00,-70.65,-42.82
8.00,154.00,-70.66,-42.84
8.00,155.00,-70.66,-42.84
8.00,156.00,-70.66,-42.84
8.00,157.00,-70.66,-42.84
8.00,158.00,-70.66,-42.84
8.00,159.00,-70.66,-42.84
8.00,160.00,-70.65,-42.82
8.00,161.00,-70.63,-42.74
8.00,162.00,-70.61,-41.49
8.00,163.00,-70.59,-39.15
8.00,164.00,-70.56,-35.88
8.00,165.00,-70.54,-30.38
8.00,166.00,-70.53,-20.52
8.00,167.00,-70.74,-29.38
8.00,168.00,-71.00,-34.92
8.00,169.00,-71.25,-38.18
8.00,170.00,-71.45,-40.09
8.00,171.00,-71.65,-41.65
8.00,172.00,-71.84,-42.95
8.00,173.00,-72.03,-44.08
8.00,174.00,-59.69,-44.25
8.00,175.00,-59.46,-43.15
8.00,176.00,-59.24,-41.88
8.00,177.00,-59.01,-40.37
8.00,178.00,-58.77,-38.53
8.00,179.00,-58.56,-36.49
8.00,180.00,-58.68,-37.70
8.00,181.00,-58.92,-39.72
8.00,182.00,-59.15,-41.34
8.00,183.00,-59.38,-42.69
8.00,184.00,-59.60,-42.44
8.00,185.00,-59.83,-41.14
8.00,186.00,-60.05,-39.58
8.00,187.00,-60.26,-37.66
8.00,188.00,-60.47,-35.16
8.00,189.00,-60.68,-31.54
8.00,190.00,-60.89,-24.96
8.00,191.00,-61.04,-20.02
8.00,192.00,-61.04,-20.02
8.00,193.00,-61.04,-20.02
8.00,194.00,-61.04,-20.02
8.00,195.00,-61.04,-20.02
8.00,196.00,-61.04,-20.02
8.00,197.00,-58.14,-29.73
8.00,198.00,-36.89,-32.91
8.00,199.00,-19.54,-19.54
8.00,200.00,-23.92,-23.92
8.00,201.00,-26.77,-26.77
8.00,202.00,-28.88,-28.88
8.00,203.00,-30.56,-30.56
8.00,204.00,-50.00,-45.32
8.00,205.00,-49.51,-44.36
8.00,206.00,-48.97,-43.27
8.00,207.00,-48.41,-42.02
8.00,208.00,-47.80,-40.54
8.00,209.00,-47.46,-38.31
8.00,210.00,-47.57,-34.84
8.00,211.00,-48.20,-30.74
8.00,212.00,-48.78,-22.23
8.00,213.00,-49.32,-21.96
8.00,214.00,-49.78,-30.09
8.00,215.00,-50.27,-34.45
8.00,216.00,-50.93,-37.29
8.00,217.00,-51.70,-39.40
8.00,218.00,-52.44,-41.07
8.00,219.00,-52.80,-41.82
8.00,220.00,-53.76,-43.58
8.00,221.00,-54.65,-45.02
8.00,222.00,-55.50,-46.25
8.00,223.00,-56.30,-46.77
8.00,224.00,-57.06,-46.85
8.00,225.00,-57.78,-46.93
8.00,226.00,-57.91,-46.95
8.00,227.00,-57.91,-46.95
8.00,228.00,-57.91,-46.95
8.00,229.00,-57.91,-46.95
8.00,230.00,-57.91,-46.95
8.00,231.00,-57.91,-46.95
8.00,232.00,-57.69,-46.92
8.00,233.00,-56.97,-46.84
8.00,234.00,-56.20,-46.76
8.00,235.00,-55.40,-46.11
8.00,236.00,-54.55,-44.86
8.00,237.00,-53.64,-43.38
8.00,238.00,-52.82,-41.86
8.00,239.00,-53.50,-43.13
8.00,240.00,-54.15,-44.24
8.00,241.00,-54.78,-43.54
8.00,242.00,-55.38,-42.33
8.00,243.00,-55.95,-40.91
8.00,244.00,-56.51,-39.19
8.00,245.00,-57.04,-37.02
8.00,246.00,-57.56,-34.08
8.00,247.00,-58.06,-29.44
8.00,248.00,-58.54,-20.52
8.00,249.00,-59.01,-26.61
8.00,250.00,-59.46,-32.58
8.00,251.00,-59.90,-36.01
8.00,252.00,-60.32,-38.42
8.00,253.00,-60.74,-39.17
8.00,254.00,-61.14,-38.62
8.00,255.00,-61.53,-38.03
8.00,256.00,-61.92,-37.39
8.00,257.00,-62.29,-36.70
8.00,258.00,-62.65,-35.94
8.00,259.00,-63.01,-35.11
8.00,260.00,-63.35,-34.18
8.00,261.00,-63.69,-33.14
8.00,262.00,-64.02,-31.94
8.00,263.00,-64.34,-30.55
8.00,264.00,-64.66,-28.86
8.00,265.00,-64.97,-26.75
8.00,266.00,-65.28,-23.89
8.00,267.00,-65.57,-19.48
8.00,268.00,-65.86,-10.02
8.00,269.00,-66.15,-13.32
8.00,270.00,-66.43,-20.84
8.00,271.00,-66.71,-24.71
8.00,272.00,-66.98,-27.33
8.00,273.00,-67.24,-29.32
8.00,274.00,-67.50,-30.92
8.00,275.00,-67.76,-32.26
8.00,276.00,-68.01,-33.41
8.00,277.00,-68.26,-34.43
8.00,278.00,-68.50,-35.33
8.00,279.00,-68.74,-35.86
8.00,280.00,-68.98,-35.02
8.00,281.00,-69.21,-34.08
8.00,282.00,-69.44,-33.03
8.00,283.00,-69.66,-31.81
8.00,284.00,-69.88,-30.39
8.00,285.00,-70.10,-28.67
8.00,286.00,-70.32,-26.50
8.00,287.00,-70.53,-23.54
8.00,288.00,-70.74,-18.89
8.00,289.00,-70.94,-10.02
8.00,290.00,-70.88,-15.37
8.00,291.00,-70.67,-21.73
8.00,292.00,-70.46,-25.27
8.00,293.00,-70.25,-27.75
8.00,294.00,-70.03,-29.65
8.00,295.00,-69.81,-31.19
8.00,296.00,-69.59,-32.49
8.00,297.00,-69.37,-33.62
8.00,298.00,-69.14,-34.60
8.00,299.00,-68.90,-35.49
8.00,300.00,-68.67,-36.28
8.00,301.00,-68.45,-36.94
8.00,302.00,-68.45,-36.94
8.00,303.00,-68.45,-36.94
8.00,304.00,-68.45,-36.94
8.00,305.00,-68.45,-36.94
8.00,306.00,-68.45,-36.94
8.00,307.00,-68.48,-36.86
8.00,308.00,-68.72,-36.12
8.00,309.00,-68.95,-35.31
9.00,3.00,-26.09,-26.09
9.00,4.00,-28.36,-28.36
9.00,5.00,-30.14,-30.14
9.00,6.00,-50.13,-45.56
9.00,7.00,-49.64,-44.63
9.00,8.00,-49.12,-43.58
9.00,9.00,-48.56,-42.37
9.00,10.00,-47.97,-40.96
9.00,11.00,-47.47,-39.08
9.00,12.00,-47.45,-35.76
9.00,13.00,-48.03,-32.06
9.00,14.00,-48.63,-25.50
9.00,15.00,-49.18,-20.52
9.00,16.00,-49.67,-28.68
9.00,17.00,-50.14,-33.48
9.00,18.00,-50.71,-36.61
9.00,19.00,-51.50,-38.88
9.00,20.00,-52.24,-40.65
9.00,21.00,-52.76,-41.74
9.00,22.00,-53.51,-43.14
9.00,23.00,-54.42,-44.66
9.00,24.00,-55.28,-45.94
9.00,25.00,-56.09,-46.75
9.00,26.00,-56.86,-46.83
9.00,27.00,-57.59,-46.91
9.00,28.00,-57.91,-46.95
9.00,29.00,-57.91,-46.95
9.00,30.00,-57.91,-46.95
9.00,31.00,-57.91,-46.95
9.00,32.00,-57.91,-46.95
9.00,33.00,-57.91,-46.95
9.00,34.00,-57.88,-46.94
9.00,35.00,-57.17,-46.86
9.00,36.00,-56.41,-46.78
9.00,37.00,-55.62,-46.42
9.00,38.00,-54.78,-45.22
9.00,39.00,-53.89,-43.81
9.00,40.00,-52.95,-42.11
9.00,41.00,-53.32,-42.81
9.00,42.00,-53.98,-43.95
9.00,43.00,-54.61,-43.84
9.00,44.00,-55.22,-42.67
9.00,45.00,-55.80,-41.31
9.00,46.00,-56.36,-39.69
9.00,47.00,-56.90,-37.67
9.00,48.00,-57.42,-34.98
9.00,49.00,-57.92,-30.97
9.00,50.00,-58.41,-22.86
9.00,51.00,-58.88,-23.83
9.00,52.00,-59.34,-31.34
9.00,53.00,-59.78,-35.21
9.00,54.00,-60.21,-37.84
9.00,55.00,-60.63,-39.32
9.00,56.00,-61.03,-38.77
9.00,57.00,-61.43,-38.19
9.00,58.00,-61.81,-37.57
9.00,59.00,-62.19,-36.89
9.00,60.00,-62.55,-36.15
9.00,61.00,-62.91,-35.34
9.00,62.00,-63.26,-34.44
9.00,63.00,-63.60,-33.43
9.00,64.00,-63.93,-32.28
9.00,65.00,-64.26,-30.95
9.00,66.00,-64.58,-29.35
9.00,67.00,-64.89,-27.37
9.00,68.00,-65.19,-24.76
9.00,69.00,-65.49,-20.92
9.00,70.00,-65.79,-13.52
9.00,71.00,-66.07,-10.02
9.00,72.00,-66.36,-19.39
9.00,73.00,-66.63,-23.83
9.00,74.00,-66.90,-26.70
9.00,75.00,-67.17,-28.83
9.00,76.00,-67.43,-30.52
9.00,77.00,-67.69,-31.92
9.00,78.00,-67.94,-33.12
9.00,79.00,-68.19,-34.17
9.00,80.00,-68.44,-35.09
9.00,81.00,-68.68,-35.93
9.00,82.00,-68.91,-35.26
9.00,83.00,-69.15,-34.35
9.00,84.00,-69.38,-33.33
9.00,85.00,-69.60,-32.16
9.00,86.00,-69.82,-30.80
9.00,87.00,-70.04,-29.18
9.00,88.00,-70.26,-27.15
9.00,89.00,-70.47,-24.45
9.00,90.00,-70.68,-20.42
9.00,91.00,-70.89,-12.24
9.00,92.00,-70.93,-12.26
9.00,93.00,-70.73,-20.43
9.00,94.00,-70.52,-24.46
9.00,95.00,-70.31,-27.15
9.00,96.00,-70.09,-29.18
9.00,97.00,-69.87,-30.80
9.00,98.00,-69.65,-32.16
9.00,99.00,-69.43,-33.33
9.00,100.00,-69.20,-34.35
9.00,101.00,-68.97,-35.26
9.00,102.00,-68.73,-36.08
9.00,103.00,-68.49,-36.82
9.00,104.00,-68.45,-36.94
9.00,105.00,-68.45,-36.94
9.00,106.00,-68.45,-36.94
9.00,107.00,-68.45,-36.94
9.00,108.00,-68.45,-36.94
9.00,109.00,-68.45,-36.94
9.00,110.00,-68.65,-36.33
9.00,111.00,-68.89,-35.54
9.00,112.00,-69.12,-34.66
9.00,113.00,-69.35,-33.68
9.00,114.00,-69.58,-32.57
9.00,115.00,-69.80,-31.28
9.00,116.00,-70.02,-29.75
9.00,117.00,-70.24,-27.88
9.00,118.00,-70.45,-25.45
9.00,119.00,-70.66,-22.00
9.00,120.00,-70.87,-16.15
9.00,121.00,-71.16,-16.45
9.00,122.00,-71.32,-21.44
9.00,123.00,-71.52,-25.09
9.00,124.00,-71.71,-27.61
9.00,125.00,-71.90,-29.54
9.00,126.00,-72.10,-31.10
9.00,127.00,-59.62,-43.90
9.00,128.00,-59.39,-42.75
9.00,129.00,-59.16,-41.41
9.00,130.00,-58.93,-39.80
9.00,131.00,-58.69,-37.81
9.00,132.00,-58.45,-35.18
9.00,133.00,-58.67,-37.63
9.00,134.00,-58.91,-39.66
9.00,135.00,-59.14,-41.29
9.00,136.00,-59.37,-42.65
9.00,137.00,-59.60,-43.82
9.00,138.00,-72.11,-44.50
9.00,139.00,-71.92,-43.43
9.00,140.00,-71.73,-42.21
9.00,141.00,-71.53,-40.77
9.00,142.00,-71.33,-39.02
9.00,143.00,-71.13,-36.80
9.00,144.00,-70.99,-34.71
9.00,145.00,-70.83,-31.85
9.00,146.00,-70.63,-25.03
9.00,147.00,-70.52,-20.52
9.00,148.00,-70.54,-30.58
9.00,149.00,-70.57,-35.99
9.00,150.00,-70.59,-39.22
9.00,151.00,-70.61,-41.54
9.00,152.00,-70.63,-42.74
9.00,153.00,-70.65,-42.82
9.00,154.00,-70.66,-42.84
9.00,155.00,-70.66,-42.84
9.00,156.00,-70.66,-42.84
9.00,157.00,-70.66,-42.84
9.00,158.00,-70.66,-42.84
9.00,159.00,-70.66,-42.84
9.00,160.00,-70.65,-42.82
9.00,161.00,-70.63,-42.74
9.00,162.00,-70.61,-41.49
9.00,163.00,-70.59,-39.15
9.00,164.00,-70.56,-35.88
9.00,165.00,-70.54,-30.38
9.00,166.00,-70.53,-20.52
9.00,167.00,-70.74,-29.38
9.00,168.00,-71.00,-34.92
9.00,169.00,-71.25,-38.18
9.00,170.00,-71.45,-40.09
9.00,171.00,-71.65,-41.65
9.00,172.00,-71.84,-42.95
9.00,173.00,-72.03,-44.08
9.00,174.00,-59.69,-44.25
9.00,175.00,-59.46,-43.15
9.00,176.00,-59.24,-41.88
9.00,177.00,-59.01,-40.37
9.00,178.00,-58.77,-38.53
9.00,179.00,-58.56,-36.49
9.00,180.00,-58.68,-37.70
9.00,181.00,-58.92,-39.72
9.00,182.00,-59.15,-41.34
9.00,183.00,-59.38,-42.69
9.00,184.00,-59.60,-42.44
9.00,185.00,-59.83,-41.14
9.00,186.00,-60.05,-39.58
9.00,187.00,-60.26,-37.66
9.00,188.00,-60.47,-35.16
9.00,189.00,-60.68,-31.54
9.00,190.00,-60.89,-24.96
9.00,191.00,-61.04,-20.02
9.00,192.00,-61.04,-20.02
9.00,193.00,-61.04,-20.02
9.00,194.00,-61.04,-20.02
9.00,195.00,-61.04,-20.02
9.00,196.00,-61.04,-20.02
9.00,197.00,-58.14,-29.73
9.00,198.00,-36.89,-32.91
9.00,199.00,-19.54,-19.54
9.00,200.00,-23.92,-23.92
9.00,201.00,-26.77,-26.77
9.00,202.00,-28.88,-28.88
9.00,203.00,-30.56,-30.56
9.00,204.00,-50.00,-45.32
9.00,205.00,-49.51,-44.36
9.00,206.00,-48.97,-43.27
9.00,207.00,-48.41,-42.02
9.00,208.00,-47.80,-40.54
9.00,209.00,-47.46,-38.31
9.00,210.00,-47.57,-34.84
9.00,211.00,-48.20,-30.74
9.00,212.00,-48.78,-22.23
9.00,213.00,-49.32,-21.96
9.00,214.00,-49.78,-30.09
9.00,215.00,-50.27,-34.45
9.00,216.00,-50.93,-37.29
9.00,217.00,-51.70,-39.40
9.00,218.00,-52.44,-41.07
9.00,219.00,-52.80,-41.82
9.00,220.00,-53.76,-43.58
9.00,221.00,-54.65,-45.02
9.00,222.00,-55.50,-46.25
9.00,223.00,-56.30,-46.77
9.00,224.00,-57.06,-46.85
9.00,225.00,-57.78,-46.93
9.00,226.00,-57.91,-46.95
9.00,227.00,-57.91,-46.95
9.00,228.00,-57.91,-46.95
9.00,229.00,-57.91,-46.95
9.00,230.00,-57.91,-46.95
9.00,231.00,-57.91,-46.95
9.00,232.00,-57.69,-46.92
9.00,233.00,-56.97,-46.84
9.00,234.00,-56.20,-46.76
9.00,235.00,-55.40,-46.11
9.00,236.00,-54.55,-44.86
9.00,237.00,-53.64,-43.38
9.00,238.00,-52.82,-41.86
9.00,239.00,-53.50,-43.13
9.00,240.00,-54.15,-44.24
9.00,241.00,-54.78,-43.54
9.00,242.00,-55.38,-42.33
9.00,243.00,-55.95,-40.91
9.00,244.00,-56.51,-39.19
9.00,245.00,-57.04,-37.02
9.00,246.00,-57.56,-34.08
9.00,247.00,-58.06,-29.44
9.00,248.00,-58.54,-20.52
9.00,249.00,-59.01,-26.61
9.00,250.00,-59.46,-32.58
9.00,251.00,-59.90,-36.01
9.00,252.00,-60.32,-38.42
9.00,253.00,-60.74,-39.17
9.00,254.00,-61.14,-38.62
9.00,255.00,-61.53,-38.03
9.00,256.00,-61.92,-37.39
9.00,257.00,-62.29,-36.70
9.00,258.00,-62.65,-35.94
9.00,259.00,-63.01,-35.11
9.00,260.00,-63.35,-34.18
9.00,261.00,-63.69,-33.14
9.00,262.00,-64.02,-31.94
9.00,263.00,-64.34,-30.55
9.00,264.00,-64.66,-28.86
9.00,265.00,-64.97,-26.75
9.00,266.00,-65.28,-23.89
9.00,267.00,-65.57,-19.48
9.00,268.00,-65.86,-10.02
9.00,269.00,-66.15,-13.32
9.00,270.00,-66.43,-20.84
9.00,271.00,-66.71,-24.71
9.00,272.00,-66.98,-27.33
9.00,273.00,-67.24,-29.32
9.00,274.00,-67.50,-30.92
9.00,275.00,-67.76,-32.26
9.00,276.00,-68.01,-33.41
9.00,277.00,-68.26,-34.43
9.00,278.00,-68.50,-35.33
9.00,279.00,-68.74,-35.86
9.00,280.00,-68.98,-35.02
9.00,281.00,-69.21,-34.08
9.00,282.00,-69.44,-33.03
9.00,283.00,-69.66,-31.81
9.00,284.00,-69.88,-30.39
9.00,285.00,-70.10,-28.67
9.00,286.00,-70.32,-26.50
9.00,287.00,-70.53,-23.54
9.00,288.00,-70.74,-18.89
9.00,289.00,-70.94,-10.02
9.00,290.00,-70.88,-15.37
9.00,291.00,-70.67,-21.73
9.00,292.00,-70.46,-25.27
9.00,293.00,-70.25,-27.75
9.00,294.00,-70.03,-29.65
9.00,295.00,-69.81,-31.19
9.00,296.00,-69.59,-32.49
9.00,297.00,-69.37,-33.62
9.00,298.00,-69.14,-34.60
9.00,299.00,-68.90,-35.49
9.00,300.00,-68.67,-36.28
9.00,301.00,-68.45,-36.94
9.00,302.00,-68.45,-36.94
9.00,303.00,-68.45,-36.94
9.00,304.00,-68.45,-36.94
9.00,305.00,-68.45,-36.94
9.00,306.00,-68.45,-36.94
9.00,307.00,-68.48,-36.86
9.00,308.00,-68.72,-36.12
9.00,309.00,-68.95,-35.31
10.00,3.00,-26.09,-26.09
10.00,4.00,-28.36,-28.36
10.00,5.00,-30.14,-30.14
10.00,6.00,-50.13,-45.56
10.00,7.00,-49.64,-44.63
10.00,8.00,-49.12,-43.58
10.00,9.00,-48.56,-42.37
10.00,10.00,-47.97,-40.96
10.00,11.00,-47.47,-39.08
10.00,12.00,-47.45,-35.76
10.00,13.00,-48.03,-32.06
10.00,14.00,-48.63,-25.50
10.00,15.00,-49.18,-20.52
10.00,16.00,-49.67,-28.68
10.00,17.00,-50.14,-33.48
10.00,18.00,-50.71,-36.61
10.00,19.00,-51.50,-38.88
10.00,20.00,-52.24,-40.65
10.00,21.00,-52.76,-41.74
10.00,22.00,-53.51,-43.14
10.00,23.00,-54.42,-44.66
10.00,24.00,-55.28,-45.94
10.00,25.00,-56.09,-46.75
10.00,26.00,-56.86,-46.83
10.00,27.00,-57.59,-46.91
10.00,28.00,-57.91,-46.95
10.00,29.00,-57.91,-46.95
10.00,30.00,-57.91,-46.95
10.00,31.00,-57.91,-46.95
10.00,32.00,-57.91,-46.95
10.00,33.00,-57.91,-46.95
10.00,34.00,-57.88,-46.94
10.00,35.00,-57.17,-46.86
10.00,36.00,-56.41,-46.78
10.00,37.00,-55.62,-46.42
10.00,38.00,-54.78,-45.22
10.00,39.00,-53.89,-43.81
10.00,40.00,-52.95,-42.11
10.00,41.00,-53.32,-42.81
10.00,42.00,-53.98,-43.95
10.00,43.00,-54.61,-43.84
10.00,44.00,-55.22,-42.67
10.00,45.00,-55.80,-41.31
10.00,46.00,-56.36,-39.69
10.00,47.00,-56.90,-37.67
10.00,48.00,-57.42,-34.98
10.00,49.00,-57.92,-30.97
10.00,50.00,-58.41,-22.86
10.00,51.00,-58.88,-23.83
10.00,52.00,-59.34,-31.34
10.00,53.00,-59.78,-35.21
10.00,54.00,-60.21,-37.84
10.00,55.00,-60.63,-39.32
10.00,56.00,-61.03,-38.77
10.00,57.00,-61.43,-38.19
10.00,58.00,-61.81,-37.57
10.00,59.00,-62.19,-36.89
10.00,60.00,-62.55,-36.15
10.00,61.00,-62.91,-35.34
10.00,62.00,-63.26,-34.44
10.00,63.00,-63.60,-33.43
10.00,64.00,-63.93,-32.28
10.00,65.00,-64.26,-30.95
10.00,66.00,-64.58,-29.35
10.00,67.00,-64.89,-27.37
10.00,68.00,-65.19,-24.76
10.00,69.00,-65.49,-20.92
10.00,70.00,-65.79,-13.52
10.00,71.00,-66.07,-10.02
10.00,72.00,-66.36,-19.39
10.00,73.00,-66.63,-23.83
10.00,74.00,-66.90,-26.70
10.00,75.00,-67.17,-28.83
10.00,76.00,-67.43,-30.52
10.00,77.00,-67.69,-31.92
10.00,78.00,-67.94,-33.12
10.00,79.00,-68.19,-34.17
10.00,80.00,-68.44,-35.09
10.00,81.00,-68.68,-35.93
10.00,82.00,-68.91,-35.26
10.00,83.00,-69.15,-34.35
10.00,84.00,-69.38,-33.33
10.00,85.00,-69.60,-32.16
10.00,86.00,-69.82,-30.80
10.00,87.00,-70.04,-29.18
10.00,88.00,-70.26,-27.15
10.00,89.00,-70.47,-24.45
10.00,90.00,-70.68,-20.42
10.00,91.00,-70.89,-12.24
10.00,92.00,-70.93,-12.26
10.00,93.00,-70.73,-20.43
10.00,94.00,-70.52,-24.46
10.00,95.00,-70.31,-27.15
10.00,96.00,-70.09,-29.18
10.00,97.00,-69.87,-30.80
10.00,98.00,-69.65,-32.16
10.00,99.00,-69.43,-33.33
10.00,100.00,-69.20,-34.35
10.00,101.00,-68.97,-35.26
10.00,102.00,-68.73,-36.08
10.00,103.00,-68.49,-36.82
10.00,104.00,-68.45,-36.94
10.00,105.00,-68.45,-36.94
10.00,106.00,-68.45,-36.94
10.00,107.00,-68.45,-36.94
10.00,108.00,-68.45,-36.94
10.00,109.00,-68.45,-36.94
10.00,110.00,-68.65,-36.33
10.00,111.00,-68.89,-35.54
10.00,112.00,-69.12,-34.66
10.00,113.00,-69.35,-33.68
10.00,114.00,-69.58,-32.57
10.00,115.00,-69.80,-31.28
10.00,116.00,-70.02,-29.75
10.00,117.00,-70.24,-27.88
10.00,118.00,-70.45,-25.45
10.00,119.00,-70.66,-22.00
10.00,120.00,-70.87,-16.15
10.00,121.00,-71.16,-16.45
10.00,122.00,-71.32,-21.44
10.00,123.00,-71.52,-25.09
10.00,124.00,-71.71,-27.61
10.00,125.00,-71.90,-29.54
10.00,126.00,-72.10,-31.10
10.00,127.00,-59.62,-43.90
10.00,128.00,-59.39,-42.75
10.00,129.00,-59.16,-41.41
10.00,130.00,-58.93,-39.80
10.00,131.00,-58.69,-37.81
10.00,132.00,-58.45,-35.18
10.00,133.00,-58.67,-37.63
10.00,134.00,-58.91,-39.66
10.00,135.00,-59.14,-41.29
10.00,136.00,-59.37,-42.65
10.00,137.00,-59.60,-43.82
10.00,138.00,-72.11,-44.50
10.00,139.00,-71.92,-43.43
10.00,140.00,-71.73,-42.21
10.00,141.00,-71.53,-40.77
10.00,142.00,-71.33,-39.02
10.00,143.00,-71.13,-36.80
10.00,144.00,-70.99,-34.71
10.00,145.00,-70.83,-31.85
10.00,146.00,-70.63,-25.03
10.00,147.00,-70.52,-20.52
10.00,148.00,-70.54,-30.58
10.00,149.00,-70.57,-35.99
10.00,150.00,-70.59,-39.22
10.00,151.00,-70.61,-41.54
10.00,152.00,-70.63,-42.74
10.00,153.00,-70.65,-42.82
10.00,154.00,-70.66,-42.84
10.00,155.00,-70.66,-42.84
10.00,156.00,-70.66,-42.84
10.00,157.00,-70.66,-42.84
10.00,158.00,-70.66,-42.84
10.00,159.00,-70.66,-42.84
10.00,160.00,-70.65,-42.82
10.00,161.00,-70.63,-42.74
10.00,162.00,-70.61,-41.49
10.00,163.00,-70.59,-39.15
10.00,164.00,-70.56,-35.88
10.00,165.00,-70.54,-30.38
10.00,166.00,-70.53,-20.52
10.00,167.00,-70.74,-29.38
10.00,168.00,-71.00,-34.92
10.00,169.00,-71.25,-38.18
10.00,170.00,-71.45,-40.09
10.00,171.00,-71.65,-41.65
10.00,172.00,-71.84,-42.95
10.00,173.00,-72.03,-44.08
10.00,174.00,-59.69,-44.25
10.00,175.00,-59.46,-43.15
10.00,176.00,-59.24,-41.88
10.00,177.00,-59.01,-40.37
10.00,178.00,-58.77,-38.53
10.00,179.00,-58.56,-36.49
10.00,180.00,-58.68,-37.70
10.00,181.00,-58.92,-39.72
10.00,182.00,-59.15,-41.34
10.00,183.00,-59.38,-42.69
10.00,184.00,-59.60,-42.44
10.00,185.00,-59.83,-41.14
10.00,186.00,-60.05,-39.58
10.00,187.00,-60.26,-37.66
10.00,188.00,-60.47,-35.16
10.00,189.00,-60.68,-31.54
10.00,190.00,-60.89,-24.96
10.00,191.00,-61.04,-20.02
10.00,192.00,-61.04,-20.02
10.00,193.00,-61.04,-20.02
10.00,194.00,-61.04,-20.02
10.00,195.00,-61.04,-20.02
10.00,196.00,-61.04,-20.02
10.00,197.00,-58.14,-29.73
10.00,198.00,-36.89,-32.91
10.00,199.00,-19.54,-19.54
10.00,200.00,-23.92,-23.92
10.00,201.00,-26.77,-26.77
10.00,202.00,-28.88,-28.88
10.00,203.00,-30.56,-30.56
10.00,204.00,-50.00,-45.32
10.00,205.00,-49.51,-44.36
10.00,206.00,-48.97,-43.27
10.00,207.00,-48.41,-42.02
10.00,208.00,-47.80,-40.54
10.00,209.00,-47.46,-38.31
10.00,210.00,-47.57,-34.84
10.00,211.00,-48.20,-30.74
10.00,212.00,-48.78,-22.23
10.00,213.00,-49.32,-21.96
10.00,214.00,-49.78,-30.09
10.00,215.00,-50.27,-34.45
10.00,216.00,-50.93,-37.29
10.00,217.00,-51.70,-39.40
10.00,218.00,-52.44,-41.07
10.00,219.00,-52.80,-41.82
10.00,220.00,-53.76,-43.58
10.00,221.00,-54.65,-45.02
10.00,222.00,-55.50,-46.25
10.00,223.00,-56.30,-46.77
10.00,224.00,-57.06,-46.85
10.00,225.00,-57.78,-46.93
10.00,226.00,-57.91,-46.95
10.00,227.00,-57.91,-46.95
10.00,228.00,-57.91,-46.95
10.00,229.00,-57.91,-46.95
10.00,230.00,-57.91,-46.95
10.00,231.00,-57.91,-46.95
10.00,232.00,-57.69,-46.92
10.00,233.00,-56.97,-46.84
10.00,234.00,-56.20,-46.76
10.00,235.00,-55.40,-46.11
10.00,236.00,-54.55,-44.86
10.00,237.00,-53.64,-43.38
10.00,238.00,-52.82,-41.86
10.00,239.00,-53.50,-43.13
10.00,240.00,-54.15,-44.24
10.00,241.00,-54.78,-43.54
10.00,242.00,-55.38,-42.33
10.00,243.00,-55.95,-40.91
10.00,244.00,-56.51,-39.19
10.00,245.00,-57.04,-37.02
10.00,246.00,-57.56,-34.08
10.00,247.00,-58.06,-29.44
10.00,248.00,-58.54,-20.52
10.00,249.00,-59.01,-26.61
10.00,250.00,-59.46,-32.58
10.00,251.00,-59.90,-36.01
10.00,252.00,-60.32,-38.42
10.00,253.00,-60.74,-39.17
10.00,254.00,-61.14,-38.62
10.00,255.00,-61.53,-38.03
10.00,256.00,-61.92,-37.39
10.00,257.00,-62.29,-36.70
10.00,258.00,-62.65,-35.94
10.00,259.00,-63.01,-35.11
10.00,260.00,-63.35,-34.18
10.00,261.00,-63.69,-33.14
10.00,262.00,-64.02,-31.94
10.00,263.00,-64.34,-30.55
10.00,264.00,-64.66,-28.86
10.00,265.00,-64.97,-26.75
10.00,266.00,-65.28,-23.89
10.00,267.00,-65.57,-19.48
10.00,268.00,-65.86,-10.02
10.00,269.00,-66.15,-13.32
10.00,270.00,-66.43,-20.84
10.00,271.00,-66.71,-24.71
10.00,272.00,-66.98,-27.33
10.00,273.00,-67.24,-29.32
10.00,274.00,-67.50,-30.92
10.00,275.00,-67.76,-32.26
10.00,276.00,-68.01,-33.41
10.00,277.00,-68.26,-34.43
10.00,278.00,-68.50,-35.33
10.00,279.00,-68.74,-35.86
10.00,280.00,-68.98,-35.02
10.00,281.00,-69.21,-34.08
10.00,282.00,-69.44,-33.03
10.00,283.00,-69.66,-31.81
10.00,284.00,-69.88,-30.39
10.00,285.00,-70.10,-28.67
10.00,286.00,-70.32,-26.50
10.00,287.00,-70.53,-23.54
10.00,288.00,-70.74,-18.89
10.00,289.00,-70.94,-10.02
10.00,290.00,-70.88,-15.37
10.00,291.00,-70.67,-21.73
10.00,292.00,-70.46,-25.27
10.00,293.00,-70.25,-27.75
10.00,294.00,-70.03,-29.65
10.00,295.00,-69.81,-31.19
10.00,296.00,-69.59,-32.49
10.00,297.00,-69.37,-33.62
10.00,298.00,-69.14,-34.60
10.00,299.00,-68.90,-35.49
10.00,300.00,-68.67,-36.28
10.00,301.00,-68.45,-36.94
10.00,302.00,-68.45,-36.94
10.00,303.00,-68.45,-36.94
10.00,304.00,-68.45,-36.94
10.00,305.00,-68.45,-36.94
10.00,306.00,-68.45,-36.94
10.00,307.00,-68.48,-36.86
10.00,308.00,-68.72,-36.12
10.00,309.00,-68.95,-35.31
