time_s,x,y,best_ap,rssi_dbm,assoc_ap,rssi_assoc_dbm
3.00,19.35,0.00,H4,-26.09,H4,-26.09
4.00,17.13,0.00,H4,-28.36,H4,-28.36
5.00,14.91,0.00,H4,-30.14,H4,-30.14
6.00,12.69,0.00,C2,-45.56,H4,-50.13
7.00,10.47,0.00,C2,-44.63,H4,-49.64
8.00,8.25,0.00,C2,-43.58,H4,-49.12
9.00,6.03,0.00,C2,-42.37,H4,-48.56
10.00,3.81,0.00,C2,-40.96,H4,-47.97
11.00,1.73,0.35,C2,-39.08,H4,-47.47
12.00,0.12,1.88,C2,-35.76,H4,-47.45
13.00,0.00,4.05,C2,-32.06,H4,-48.03
14.00,0.00,6.27,C2,-25.50,H4,-48.63
15.00,0.00,8.49,C2,-20.52,H4,-49.18
16.00,0.00,10.59,C2,-28.68,H4,-49.67
17.00,0.00,12.71,C2,-33.48,H4,-50.14
18.00,0.00,14.93,C2,-36.61,H4,-50.71
19.00,0.00,17.15,C2,-38.88,H4,-51.50
20.00,0.00,19.37,C2,-40.65,H4,-52.24
21.00,0.00,20.99,C2,-41.74,H4,-52.76
22.00,1.30,22.10,C2,-43.14,H4,-53.51
23.00,2.98,23.55,C2,-44.66,H4,-54.42
24.00,4.66,25.00,C2,-45.94,H4,-55.28
25.00,6.35,26.44,C1,-46.75,H4,-56.09
26.00,8.03,27.89,C1,-46.83,H4,-56.86
27.00,9.72,29.34,C1,-46.91,H4,-57.59
28.00,10.49,30.00,C1,-46.95,H4,-57.91
29.00,10.49,30.00,C1,-46.95,H4,-57.91
30.00,10.49,30.00,C1,-46.95,H4,-57.91
31.00,10.49,30.00,C1,-46.95,H4,-57.91
32.00,10.49,30.00,C1,-46.95,H4,-57.91
33.00,10.49,30.00,C1,-46.95,H4,-57.91
34.00,10.42,29.94,C1,-46.94,H4,-57.88
35.00,8.74,28.49,C1,-46.86,H4,-57.17
36.00,7.05,27.05,C1,-46.78,H4,-56.41
37.00,5.37,25.60,C2,-46.42,H4,-55.62
38.00,3.68,24.15,C2,-45.22,H4,-54.78
39.00,2.00,22.71,C2,-43.81,H4,-53.89
40.00,0.32,21.26,C2,-42.11,H4,-52.95
41.00,0.00,22.79,C2,-42.81,H4,-53.32
42.00,0.00,25.01,C2,-43.95,H4,-53.98
43.00,0.00,27.23,C1,-43.84,H4,-54.61
44.00,0.00,29.45,C1,-42.67,H4,-55.22
45.00,0.00,31.67,C1,-41.31,H4,-55.80
46.00,0.00,33.89,C1,-39.69,H4,-56.36
47.00,0.00,36.11,C1,-37.67,H4,-56.90
48.00,0.00,38.33,C1,-34.98,H4,-57.42
49.00,0.00,40.55,C1,-30.97,H4,-57.92
50.00,0.00,42.77,C1,-22.86,H4,-58.41
51.00,0.00,44.99,C1,-23.83,H4,-58.88
52.00,0.00,47.21,C1,-31.34,H4,-59.34
53.00,0.00,49.43,C1,-35.21,H4,-59.78
54.00,0.00,51.65,C1,-37.84,H4,-60.21
55.00,0.00,53.87,H2,-39.32,H4,-60.63
56.00,0.00,56.09,H2,-38.77,H4,-61.03
57.00,0.00,58.31,H2,-38.19,H4,-61.43
58.00,0.00,60.53,H2,-37.57,H4,-61.81
59.00,0.00,62.75,H2,-36.89,H4,-62.19
60.00,0.00,64.97,H2,-36.15,H4,-62.55
61.00,0.00,67.19,H2,-35.34,H4,-62.91
62.00,0.00,69.41,H2,-34.44,H4,-63.26
63.00,0.00,71.63,H2,-33.43,H4,-63.60
64.00,0.00,73.85,H2,-32.28,H4,-63.93
65.00,0.00,76.07,H2,-30.95,H4,-64.26
66.00,0.00,78.29,H2,-29.35,H4,-64.58
67.00,0.00,80.51,H2,-27.37,H4,-64.89
68.00,0.00,82.73,H2,-24.76,H4,-65.19
69.00,0.00,84.95,H2,-20.92,H4,-65.49
70.00,0.00,87.17,H2,-13.52,H4,-65.79
71.00,0.00,89.39,H2,-10.02,H4,-66.07
72.00,0.00,91.61,H2,-19.39,H4,-66.36
73.00,0.00,93.83,H2,-23.83,H4,-66.63
74.00,0.00,96.05,H2,-26.70,H4,-66.90
75.00,0.00,98.27,H2,-28.83,H4,-67.17
76.00,0.00,100.49,H2,-30.52,H4,-67.43
77.00,0.00,102.71,H2,-31.92,H4,-67.69
78.00,0.00,104.93,H2,-33.12,H4,-67.94
79.00,0.00,107.15,H2,-34.17,H4,-68.19
80.00,0.00,109.37,H2,-35.09,H4,-68.44
81.00,0.00,111.59,H2,-35.93,H4,-68.68
82.00,0.00,113.81,H1,-35.26,H4,-68.91
83.00,0.00,116.03,H1,-34.35,H4,-69.15
84.00,0.00,118.25,H1,-33.33,H4,-69.38
85.00,0.00,120.47,H1,-32.16,H4,-69.60
86.00,0.00,122.69,H1,-30.80,H4,-69.82
87.00,0.00,124.91,H1,-29.18,H4,-70.04
88.00,0.00,127.13,H1,-27.15,H4,-70.26
89.00,0.00,129.35,H1,-24.45,H4,-70.47
90.00,0.00,131.57,H1,-20.42,H4,-70.68
91.00,0.00,133.79,H1,-12.24,H4,-70.89
92.00,0.00,136.01,H1,-12.26,H4,-70.93
93.00,0.00,138.23,H1,-20.43,H4,-70.73
94.00,0.00,140.45,H1,-24.46,H4,-70.52
95.00,0.00,142.67,H1,-27.15,H4,-70.31
96.00,0.00,144.89,H1,-29.18,H4,-70.09
97.00,0.00,147.11,H1,-30.80,H4,-69.87
98.00,0.00,149.33,H1,-32.16,H4,-69.65
99.00,0.00,151.55,H1,-33.33,H4,-69.43
100.00,0.00,153.77,H1,-34.35,H4,-69.20
101.00,0.00,155.99,H1,-35.26,H4,-68.97
102.00,0.00,158.21,H1,-36.08,H4,-68.73
103.00,0.00,160.43,H1,-36.82,H4,-68.49
104.00,0.00,160.80,H1,-36.94,H4,-68.45
105.00,0.00,160.80,H1,-36.94,H4,-68.45
106.00,0.00,160.80,H1,-36.94,H4,-68.45
107.00,0.00,160.80,H1,-36.94,H4,-68.45
108.00,0.00,160.80,H1,-36.94,H4,-68.45
109.00,0.00,160.80,H1,-36.94,H4,-68.45
110.00,0.00,158.95,H1,-36.33,H4,-68.65
111.00,0.00,156.73,H1,-35.54,H4,-68.89
112.00,0.00,154.51,H1,-34.66,H4,-69.12
113.00,0.00,152.29,H1,-33.68,H4,-69.35
114.00,0.00,150.07,H1,-32.57,H4,-69.58
115.00,0.00,147.85,H1,-31.28,H4,-69.80
116.00,0.00,145.63,H1,-29.75,H4,-70.02
117.00,0.00,143.41,H1,-27.88,H4,-70.24
118.00,0.00,141.19,H1,-25.45,H4,-70.45
119.00,0.00,138.97,H1,-22.00,H4,-70.66
120.00,0.04,136.76,H1,-16.15,H4,-70.87
121.00,1.64,135.23,H1,-16.45,H4,-71.16
122.00,3.69,134.80,H1,-21.44,H4,-71.32
123.00,5.91,134.80,H1,-25.09,H4,-71.52
124.00,8.13,134.80,H1,-27.61,H4,-71.71
125.00,10.35,134.80,H1,-29.54,H4,-71.90
126.00,12.57,134.80,H1,-31.10,H4,-72.10
127.00,14.79,134.80,C3,-43.90,H4,-59.62
128.00,17.01,134.80,C3,-42.75,H4,-59.39
129.00,19.23,134.80,C3,-41.41,H4,-59.16
130.00,21.45,134.80,C3,-39.80,H4,-58.93
131.00,23.67,134.80,C3,-37.81,H4,-58.69
132.00,25.89,134.80,C3,-35.18,H4,-58.45
133.00,28.11,134.80,C3,-37.63,H4,-58.67
134.00,30.33,134.80,C3,-39.66,H4,-58.91
135.00,32.55,134.80,C3,-41.29,H4,-59.14
136.00,34.77,134.80,C3,-42.65,H4,-59.37
137.00,36.99,134.80,C3,-43.82,H4,-59.60
138.00,39.21,134.80,C7,-44.50,H4,-72.11
139.00,41.43,134.80,C7,-43.43,H4,-71.92
140.00,43.65,134.80,C7,-42.21,H4,-71.73
141.00,45.87,134.80,C7,-40.77,H4,-71.53
142.00,48.09,134.80,C7,-39.02,H4,-71.33
143.00,50.31,134.80,C7,-36.80,H4,-71.13
144.00,51.98,134.82,C7,-34.71,H4,-70.99
145.00,51.96,133.21,C7,-31.85,H4,-70.83
146.00,51.96,130.99,C7,-25.03,H4,-70.63
147.00,51.96,129.86,C7,-20.52,H4,-70.52
148.00,50.29,128.43,C7,-30.58,H4,-70.54
149.00,48.61,126.98,C7,-35.99,H4,-70.57
150.00,46.92,125.53,C7,-39.22,H4,-70.59
151.00,45.24,124.09,C7,-41.54,H4,-70.61
152.00,43.55,122.64,H5,-42.74,H4,-70.63
153.00,41.87,121.19,H5,-42.82,H4,-70.65
154.00,41.47,120.85,H5,-42.84,H4,-70.66
155.00,41.47,120.85,H5,-42.84,H4,-70.66
156.00,41.47,120.85,H5,-42.84,H4,-70.66
157.00,41.47,120.85,H5,-42.84,H4,-70.66
158.00,41.47,120.85,H5,-42.84,H4,-70.66
159.00,41.47,120.85,H5,-42.84,H4,-70.66
160.00,41.91,121.23,H5,-42.82,H4,-70.65
161.00,43.60,122.68,H5,-42.74,H4,-70.63
162.00,45.28,124.12,C7,-41.49,H4,-70.61
163.00,46.97,125.57,C7,-39.15,H4,-70.59
164.00,48.65,127.02,C7,-35.88,H4,-70.56
165.00,50.33,128.46,C7,-30.38,H4,-70.54
166.00,51.96,129.94,C7,-20.52,H4,-70.53
167.00,51.99,132.16,C7,-29.38,H4,-70.74
168.00,50.86,133.89,C7,-34.92,H4,-71.00
169.00,49.00,134.80,C7,-38.18,H4,-71.25
170.00,46.78,134.80,C7,-40.09,H4,-71.45
171.00,44.56,134.80,C7,-41.65,H4,-71.65
172.00,42.34,134.80,C7,-42.95,H4,-71.84
173.00,40.12,134.80,C7,-44.08,H4,-72.03
174.00,37.90,134.80,C3,-44.25,H4,-59.69
175.00,35.68,134.80,C3,-43.15,H4,-59.46
176.00,33.46,134.80,C3,-41.88,H4,-59.24
177.00,31.24,134.80,C3,-40.37,H4,-59.01
178.00,29.02,134.80,C3,-38.53,H4,-58.77
179.00,26.91,134.97,C3,-36.49,H4,-58.56
180.00,26.00,136.98,C3,-37.70,H4,-58.68
181.00,26.00,139.20,C3,-39.72,H4,-58.92
182.00,26.00,141.42,C3,-41.34,H4,-59.15
183.00,26.00,143.64,C3,-42.69,H4,-59.38
184.00,26.00,145.86,H1,-42.44,H4,-59.60
185.00,26.00,148.08,H1,-41.14,H4,-59.83
186.00,26.00,150.30,H1,-39.58,H4,-60.05
187.00,26.00,152.52,H1,-37.66,H4,-60.26
188.00,26.00,154.74,H1,-35.16,H4,-60.47
189.00,26.00,156.96,H1,-31.54,H4,-60.68
190.00,26.00,159.18,H1,-24.96,H4,-60.89
191.00,26.00,160.80,H1,-20.02,H4,-61.04
192.00,26.00,160.80,H1,-20.02,H4,-61.04
193.00,26.00,160.80,H1,-20.02,H4,-61.04
194.00,26.00,160.80,H1,-20.02,H4,-61.04
195.00,26.00,160.80,H1,-20.02,H4,-61.04
196.00,26.00,160.80,H1,-20.02,H4,-61.04
197.00,25.80,131.86,C3,-29.73,H4,-58.14
198.00,25.07,24.66,C5,-32.91,H4,-36.89
199.00,23.19,0.00,H4,-19.54,H4,-19.54
200.00,20.97,0.00,H4,-23.92,H4,-23.92
201.00,18.75,0.00,H4,-26.77,H4,-26.77
202.00,16.53,0.00,H4,-28.88,H4,-28.88
203.00,14.31,0.00,H4,-30.56,H4,-30.56
204.00,12.09,0.00,C2,-45.32,H4,-50.00
205.00,9.87,0.00,C2,-44.36,H4,-49.51
206.00,7.65,0.00,C2,-43.27,H4,-48.97
207.00,5.43,0.00,C2,-42.02,H4,-48.41
208.00,3.21,0.00,C2,-40.54,H4,-47.80
209.00,1.30,0.77,C2,-38.31,H4,-47.46
210.00,0.00,2.43,C2,-34.84,H4,-47.57
211.00,0.00,4.65,C2,-30.74,H4,-48.20
212.00,0.00,6.87,C2,-22.23,H4,-48.78
213.00,0.00,9.09,C2,-21.96,H4,-49.32
214.00,0.00,11.09,C2,-30.09,H4,-49.78
215.00,0.00,13.31,C2,-34.45,H4,-50.27
216.00,0.00,15.53,C2,-37.29,H4,-50.93
217.00,0.00,17.75,C2,-39.40,H4,-51.70
218.00,0.00,19.97,C2,-41.07,H4,-52.44
219.00,0.07,21.05,C2,-41.82,H4,-52.80
220.00,1.75,22.49,C2,-43.58,H4,-53.76
221.00,3.44,23.94,C2,-45.02,H4,-54.65
222.00,5.12,25.39,C2,-46.25,H4,-55.50
223.00,6.80,26.83,C1,-46.77,H4,-56.30
224.00,8.49,28.28,C1,-46.85,H4,-57.06
225.00,10.17,29.73,C1,-46.93,H4,-57.78
226.00,10.49,30.00,C1,-46.95,H4,-57.91
227.00,10.49,30.00,C1,-46.95,H4,-57.91
228.00,10.49,30.00,C1,-46.95,H4,-57.91
229.00,10.49,30.00,C1,-46.95,H4,-57.91
230.00,10.49,30.00,C1,-46.95,H4,-57.91
231.00,10.49,30.00,C1,-46.95,H4,-57.91
232.00,9.97,29.55,C1,-46.92,H4,-57.69
233.00,8.28,28.10,C1,-46.84,H4,-56.97
234.00,6.60,26.66,C1,-46.76,H4,-56.20
235.00,4.91,25.21,C2,-46.11,H4,-55.40
236.00,3.23,23.76,C2,-44.86,H4,-54.55
237.00,1.55,22.32,C2,-43.38,H4,-53.64
238.00,0.00,21.17,C2,-41.86,H4,-52.82
239.00,0.00,23.39,C2,-43.13,H4,-53.50
240.00,0.00,25.61,C2,-44.24,H4,-54.15
241.00,0.00,27.83,C1,-43.54,H4,-54.78
242.00,0.00,30.05,C1,-42.33,H4,-55.38
243.00,0.00,32.27,C1,-40.91,H4,-55.95
244.00,0.00,34.49,C1,-39.19,H4,-56.51
245.00,0.00,36.71,C1,-37.02,H4,-57.04
246.00,0.00,38.93,C1,-34.08,H4,-57.56
247.00,0.00,41.15,C1,-29.44,H4,-58.06
248.00,0.00,43.37,C1,-20.52,H4,-58.54
249.00,0.00,45.59,C1,-26.61,H4,-59.01
250.00,0.00,47.81,C1,-32.58,H4,-59.46
251.00,0.00,50.03,C1,-36.01,H4,-59.90
252.00,0.00,52.25,C1,-38.42,H4,-60.32
253.00,0.00,54.47,H2,-39.17,H4,-60.74
254.00,0.00,56.69,H2,-38.62,H4,-61.14
255.00,0.00,58.91,H2,-38.03,H4,-61.53
256.00,0.00,61.13,H2,-37.39,H4,-61.92
257.00,0.00,63.35,H2,-36.70,H4,-62.29
258.00,0.00,65.57,H2,-35.94,H4,-62.65
259.00,0.00,67.79,H2,-35.11,H4,-63.01
260.00,0.00,70.01,H2,-34.18,H4,-63.35
261.00,0.00,72.23,H2,-33.14,H4,-63.69
262.00,0.00,74.45,H2,-31.94,H4,-64.02
263.00,0.00,76.67,H2,-30.55,H4,-64.34
264.00,0.00,78.89,H2,-28.86,H4,-64.66
265.00,0.00,81.11,H2,-26.75,H4,-64.97
266.00,0.00,83.33,H2,-23.89,H4,-65.28
267.00,0.00,85.55,H2,-19.48,H4,-65.57
268.00,0.00,87.77,H2,-10.02,H4,-65.86
269.00,0.00,89.99,H2,-13.32,H3,-70.88
270.00,0.00,92.21,H2,-20.84,H3,-70.94
271.00,0.00,94.43,H2,-24.71,H3,-70.74
272.00,0.00,96.65,H2,-27.33,H3,-70.53
273.00,0.00,98.87,H2,-29.32,H3,-70.32
274.00,0.00,101.09,H2,-30.92,H3,-70.10
275.00,0.00,103.31,H2,-32.26,H3,-69.88
276.00,0.00,105.53,H2,-33.41,H3,-69.66
277.00,0.00,107.75,H2,-34.43,H3,-69.44
278.00,0.00,109.97,H2,-35.33,H3,-69.21
279.00,0.00,112.19,H1,-35.86,H3,-68.98
280.00,0.00,114.41,H1,-35.02,H3,-68.74
281.00,0.00,116.63,H1,-34.08,H3,-68.50
282.00,0.00,118.85,H1,-33.03,H3,-68.26
283.00,0.00,121.07,H1,-31.81,H3,-68.01
284.00,0.00,123.29,H1,-30.39,H3,-67.76
285.00,0.00,125.51,H1,-28.67,H3,-67.50
286.00,0.00,127.73,H1,-26.50,H3,-67.24
287.00,0.00,129.95,H1,-23.54,H3,-66.98
288.00,0.00,132.17,H1,-18.89,H3,-66.71
289.00,0.00,134.39,H1,-10.02,H3,-66.43
290.00,0.00,136.61,H1,-15.37,H3,-66.15
291.00,0.00,138.83,H1,-21.73,H3,-65.86
292.00,0.00,141.05,H1,-25.27,H3,-65.57
293.00,0.00,143.27,H1,-27.75,H3,-65.27
294.00,0.00,145.49,H1,-29.65,H3,-64.97
295.00,0.00,147.71,H1,-31.19,H3,-64.66
296.00,0.00,149.93,H1,-32.49,H3,-64.34
297.00,0.00,152.15,H1,-33.62,H3,-64.02
298.00,0.00,154.37,H1,-34.60,H3,-63.69
299.00,0.00,156.59,H1,-35.49,H3,-63.35
300.00,0.00,158.81,H1,-36.28,H3,-63.01
301.00,0.00,160.80,H1,-36.94,H3,-62.69
302.00,0.00,160.80,H1,-36.94,H3,-62.69
303.00,0.00,160.80,H1,-36.94,H3,-62.69
304.00,0.00,160.80,H1,-36.94,H3,-62.69
305.00,0.00,160.80,H1,-36.94,H3,-62.69
306.00,0.00,160.80,H1,-36.94,H3,-62.69
307.00,0.00,160.57,H1,-36.86,H3,-62.73
308.00,0.00,158.35,H1,-36.12,H3,-63.08
309.00,0.00,156.13,H1,-35.31,H3,-63.42
