time_s,x,y,station_m,segment_id,nlos_region,serving_hawk,rssi_dbm
3.00,9.99,0.00,9.99,arranque,LOS,H0,-35.41
4.00,13.32,0.00,13.32,arranque,LOS,H0,-37.79
5.00,16.65,0.00,16.65,arranque,LOS,H0,-39.63
6.00,19.98,0.00,19.98,arranque,LOS,H0,-41.13
7.00,23.31,0.00,23.31,acceso_galeria,LOS,H0,-42.40
8.00,26.64,0.00,26.64,acceso_galeria,LOS,H1,-42.02
9.00,29.97,0.00,29.97,acceso_galeria,LOS,H1,-40.69
10.00,33.30,0.00,33.30,acceso_galeria,LOS,H1,-39.09
11.00,36.63,0.00,36.63,acceso_galeria,LOS,H1,-37.11
12.00,39.96,0.00,39.96,acceso_galeria,Giro-D-GaleriaPrincipal,H1,-44.50
13.00,43.29,0.00,43.29,acceso_galeria,Giro-D-GaleriaPrincipal,H1,-40.65
14.00,46.62,0.00,46.62,acceso_galeria,Giro-D-GaleriaPrincipal,H1,-33.22
15.00,49.95,0.00,49.95,LOS1_galeria,Giro-D-GaleriaPrincipal,H1,-26.82
16.00,53.28,0.00,53.28,LOS1_galeria,Giro-D-GaleriaPrincipal,H1,-38.61
17.00,56.61,0.00,56.61,LOS1_galeria,Giro-D-GaleriaPrincipal,H1,-43.28
18.00,59.94,0.00,59.94,LOS1_galeria,LOS,H1,-36.24
19.00,63.27,0.00,63.27,LOS1_galeria,LOS,H1,-38.41
20.00,66.60,0.00,66.60,LOS1_galeria,LOS,H1,-40.13
21.00,69.93,0.00,69.93,LOS1_galeria,LOS,H1,-41.56
22.00,73.26,0.00,73.26,LOS1_galeria,LOS,H1,-42.77
23.00,76.59,0.00,76.59,LOS1_galeria,LOS,H1,-43.83
24.00,79.92,0.00,79.92,LOS1_galeria,LOS,H1,-44.76
25.00,83.25,0.00,83.25,LOS1_galeria,LOS,H1,-45.60
26.00,86.58,0.00,86.58,LOS1_galeria,LOS,H1,-46.37
27.00,89.91,0.00,89.91,LOS1_galeria,LOS,H1,-47.23
28.00,93.24,0.00,93.24,LOS1_galeria,LOS,H1,-48.38
29.00,96.57,0.00,96.57,LOS1_galeria,LOS,H1,-49.45
30.00,99.90,0.00,99.90,LOS1_galeria,LOS,H1,-50.45
31.00,103.23,0.00,103.23,LOS1_galeria,LOS,H1,-51.38
32.00,106.56,0.00,106.56,LOS1_galeria,LOS,H1,-52.26
33.00,109.89,0.00,109.89,LOS1_galeria,LOS,H1,-53.09
34.00,113.22,0.00,113.22,LOS1_galeria,LOS,H1,-53.87
35.00,116.55,0.00,116.55,LOS1_galeria,LOS,H2,-54.51
36.00,119.88,0.00,119.88,LOS1_galeria,LOS,H2,-53.76
37.00,123.21,0.00,123.21,LOS1_galeria,LOS,H2,-52.97
38.00,126.54,0.00,126.54,LOS1_galeria,LOS,H2,-52.13
39.00,129.87,0.00,129.87,LOS1_galeria,LOS,H2,-51.25
40.00,133.20,0.00,133.20,LOS1_galeria,LOS,H2,-50.30
41.00,136.53,0.00,136.53,LOS1_galeria,LOS,H2,-49.29
42.00,139.86,0.00,139.86,LOS1_galeria,LOS,H2,-48.21
43.00,143.19,0.00,143.19,LOS1_galeria,LOS,H2,-47.05
44.00,146.52,0.00,146.52,LOS1_galeria,LOS,H2,-46.26
45.00,149.85,0.00,149.85,LOS1_galeria,LOS,H2,-45.48
46.00,153.18,0.00,153.18,LOS1_galeria,LOS,H2,-44.63
47.00,156.51,0.00,156.51,LOS1_galeria,LOS,H2,-43.67
48.00,159.84,0.00,159.84,LOS1_galeria,LOS,H2,-42.60
49.00,163.17,0.00,163.17,LOS1_galeria,LOS,H2,-41.36
50.00,166.50,0.00,166.50,LOS1_galeria,LOS,H2,-39.90
51.00,169.83,0.00,169.83,LOS1_galeria,LOS,H2,-38.12
52.00,173.16,0.00,173.16,LOS1_galeria,LOS,H2,-35.86
53.00,176.49,0.00,176.49,LOS1_galeria,Giro-D-RamalBP,H2,-42.72
54.00,179.82,0.00,179.82,LOS1_galeria,Giro-D-RamalBP,H2,-37.61
55.00,183.15,0.00,183.15,LOS1_galeria,Giro-D-RamalBP,H2,-26.42
56.00,183.70,2.78,186.48,ramal_bp,Transicion-BP,H2,-34.86
57.00,183.70,6.11,189.81,ramal_bp,Transicion-BP,H2,-41.36
58.00,183.70,9.44,193.14,ramal_bp,Transicion-BP,H2,-44.95
59.00,183.70,12.77,196.47,ramal_bp,Transicion-BP,H2,-47.44
60.00,183.70,16.10,199.80,ramal_bp,Transicion-BP,CardFijo,-48.14
61.00,183.70,19.43,203.13,ramal_bp,Transicion-BP,CardFijo,-45.88
62.00,183.70,22.76,206.46,ramal_bp,Transicion-BP,CardFijo,-42.76
63.00,183.70,26.09,209.79,ramal_bp,Transicion-BP,CardFijo,-37.67
64.00,183.70,29.42,213.12,ramal_bp,Transicion-BP,CardFijo,-26.42
65.00,183.70,32.75,216.45,ramal_bp,Transicion-BP,CardFijo,-34.77
66.00,183.70,36.08,219.78,ramal_bp,Transicion-BP,CardFijo,-41.32
67.00,183.70,39.41,223.11,ramal_bp,Transicion-BP,CardFijo,-44.92
68.00,183.70,42.74,226.44,ramal_bp,Transicion-BP,CardFijo,-47.42
69.00,183.70,46.07,229.77,ramal_bp,Transicion-BP,CardFijo,-49.34
70.00,183.70,49.40,233.10,ramal_bp,Transicion-BP,CardFijo,-50.89
71.00,183.70,52.73,236.43,ramal_bp,Transicion-BP,CardFijo,-52.20
72.00,183.70,55.90,239.60,ramal_bp,Transicion-BP,CardFijo,-53.27
73.00,183.70,55.90,239.60,ramal_bp,Transicion-BP,CardFijo,-53.27
74.00,183.70,55.90,239.60,ramal_bp,Transicion-BP,CardFijo,-53.27
75.00,183.70,55.90,239.60,ramal_bp,Transicion-BP,CardFijo,-53.27
76.00,183.70,55.90,239.60,ramal_bp,Transicion-BP,CardFijo,-53.27
77.00,183.70,55.90,239.60,ramal_bp,Transicion-BP,CardFijo,-53.27
78.00,183.70,55.90,239.60,ramal_bp,Transicion-BP,CardFijo,-53.27
79.00,183.70,55.90,239.60,ramal_bp,Transicion-BP,CardFijo,-53.27
80.00,183.70,55.90,239.60,ramal_bp,Transicion-BP,CardFijo,-53.27
81.00,183.70,55.90,239.60,ramal_bp,Transicion-BP,CardFijo,-53.27
82.00,183.70,55.90,239.60,ramal_bp,Transicion-BP,CardFijo,-53.27
83.00,183.70,55.90,239.60,ramal_bp,Transicion-BP,CardFijo,-53.27
84.00,183.70,55.90,239.60,ramal_bp,Transicion-BP,CardFijo,-53.27
85.00,183.70,55.90,239.60,ramal_bp,Transicion-BP,CardFijo,-53.27
86.00,183.70,55.90,239.60,ramal_bp,Transicion-BP,CardFijo,-53.27
87.00,183.70,55.74,239.44,ramal_bp,Transicion-BP,CardFijo,-53.22
88.00,183.70,52.41,236.11,ramal_bp,Transicion-BP,CardFijo,-52.08
89.00,183.70,49.08,232.78,ramal_bp,Transicion-BP,CardFijo,-50.75
90.00,183.70,45.75,229.45,ramal_bp,Transicion-BP,CardFijo,-49.17
91.00,183.70,42.42,226.12,ramal_bp,Transicion-BP,CardFijo,-47.21
92.00,183.70,39.09,222.79,ramal_bp,Transicion-BP,CardFijo,-44.63
93.00,183.70,35.76,219.46,ramal_bp,Transicion-BP,CardFijo,-40.87
94.00,183.70,32.43,216.13,ramal_bp,Transicion-BP,CardFijo,-33.75
95.00,183.70,29.10,212.80,ramal_bp,Transicion-BP,CardFijo,-26.42
96.00,183.70,25.77,209.47,ramal_bp,Transicion-BP,CardFijo,-38.32
97.00,183.70,22.44,206.14,ramal_bp,Transicion-BP,CardFijo,-43.11
98.00,183.70,19.11,202.81,ramal_bp,Transicion-BP,CardFijo,-46.12
99.00,183.70,15.78,199.48,ramal_bp,Transicion-BP,CardFijo,-48.33
100.00,183.70,12.45,196.15,ramal_bp,Transicion-BP,H2,-47.23
101.00,183.70,9.12,192.82,ramal_bp,Transicion-BP,H2,-44.66
102.00,183.70,5.79,189.49,ramal_bp,Transicion-BP,H2,-40.91
103.00,183.70,2.46,186.16,ramal_bp,Transicion-BP,H2,-33.85
104.00,184.57,0.00,184.57,LOS2_galeria,Giro-D-RamalBP,H2,-26.42
105.00,187.90,0.00,187.90,LOS2_galeria,Giro-D-RamalBP,H2,-38.26
106.00,191.23,0.00,191.23,LOS2_galeria,Giro-D-RamalBP,H2,-43.08
107.00,194.56,0.00,194.56,LOS2_galeria,LOS,H2,-36.10
108.00,197.89,0.00,197.89,LOS2_galeria,LOS,H2,-38.31
109.00,201.22,0.00,201.22,LOS2_galeria,LOS,H2,-40.05
110.00,204.55,0.00,204.55,LOS2_galeria,LOS,H2,-41.48
111.00,207.88,0.00,207.88,LOS2_galeria,LOS,H2,-42.71
112.00,211.21,0.00,211.21,LOS2_galeria,LOS,H2,-43.77
113.00,214.54,0.00,214.54,LOS2_galeria,LOS,H2,-44.71
114.00,217.87,0.00,217.87,LOS2_galeria,LOS,H2,-45.56
115.00,221.20,0.00,221.20,LOS2_galeria,LOS,H2,-46.33
116.00,224.53,0.00,224.53,LOS2_galeria,LOS,H2,-47.16
117.00,227.86,0.00,227.86,LOS2_galeria,LOS,H2,-48.32
118.00,231.19,0.00,231.19,LOS2_galeria,LOS,H2,-49.39
119.00,234.52,0.00,234.52,LOS2_galeria,LOS,H2,-50.40
120.00,237.85,0.00,237.85,LOS2_galeria,LOS,H2,-51.33
121.00,241.18,0.00,241.18,LOS2_galeria,LOS,H2,-52.21
122.00,244.51,0.00,244.51,LOS2_galeria,LOS,H2,-53.05
123.00,247.84,0.00,247.84,LOS2_galeria,LOS,H2,-53.83
124.00,251.17,0.00,251.17,LOS2_galeria,LOS,H3,-54.55
125.00,254.50,0.00,254.50,LOS2_galeria,LOS,H3,-53.80
126.00,257.83,0.00,257.83,LOS2_galeria,LOS,H3,-53.01
127.00,261.16,0.00,261.16,LOS2_galeria,LOS,H3,-52.18
128.00,264.49,0.00,264.49,LOS2_galeria,LOS,H3,-51.29
129.00,267.82,0.00,267.82,LOS2_galeria,LOS,H3,-50.35
130.00,271.15,0.00,271.15,LOS2_galeria,LOS,H3,-49.35
131.00,274.48,0.00,274.48,LOS2_galeria,LOS,H3,-48.27
132.00,277.81,0.00,277.81,LOS2_galeria,LOS,H3,-47.11
133.00,281.14,0.00,281.14,LOS2_galeria,LOS,H3,-46.30
134.00,284.47,0.00,284.47,LOS2_galeria,LOS,H3,-45.53
135.00,287.80,0.00,287.80,LOS2_galeria,LOS,H3,-44.68
136.00,291.13,0.00,291.13,LOS2_galeria,LOS,H3,-43.73
137.00,294.46,0.00,294.46,LOS2_galeria,LOS,H3,-42.66
138.00,297.79,0.00,297.79,LOS2_galeria,LOS,H3,-41.43
139.00,301.12,0.00,301.12,LOS2_galeria,LOS,H3,-39.98
140.00,304.45,0.00,304.45,LOS2_galeria,LOS,H3,-38.23
141.00,307.78,0.00,307.78,LOS2_galeria,LOS,H3,-35.99
142.00,311.11,0.00,311.11,LOS2_galeria,Giro-D-RamalDesmonte,H3,-42.93
143.00,314.44,0.00,314.44,LOS2_galeria,Giro-D-RamalDesmonte,H3,-37.98
144.00,317.77,0.00,317.77,LOS2_galeria,Giro-D-RamalDesmonte,H3,-26.42
145.00,318.50,2.60,377.00,ramal_desmonte,Transicion-Desmonte,H3,-34.31
146.00,318.50,5.93,380.33,ramal_desmonte,Transicion-Desmonte,H3,-41.11
147.00,318.50,9.26,383.66,ramal_desmonte,Transicion-Desmonte,H3,-44.79
148.00,318.50,12.59,386.99,ramal_desmonte,Transicion-Desmonte,H3,-47.32
149.00,318.50,15.92,390.32,ramal_desmonte,Transicion-Desmonte,H4,-45.40
150.00,318.50,19.25,393.65,ramal_desmonte,Transicion-Desmonte,H4,-42.05
151.00,318.50,22.58,396.98,ramal_desmonte,Transicion-Desmonte,H4,-36.32
152.00,318.50,25.91,400.31,ramal_desmonte,Transicion-Desmonte,H4,-26.42
153.00,318.50,29.24,403.64,ramal_desmonte,Transicion-Desmonte,H4,-36.37
154.00,318.50,32.57,406.97,ramal_desmonte,Transicion-Desmonte,H4,-42.08
155.00,318.50,35.90,410.30,ramal_desmonte,Transicion-Desmonte,H4,-45.42
156.00,318.50,39.23,413.63,ramal_desmonte,Transicion-Desmonte,H4,-47.79
157.00,318.50,42.56,416.96,ramal_desmonte,Transicion-Desmonte,H4,-49.63
158.00,318.50,45.89,420.29,ramal_desmonte,Transicion-Desmonte,H4,-51.14
159.00,318.50,49.22,423.62,ramal_desmonte,Transicion-Desmonte,H4,-52.41
160.00,318.50,51.80,426.20,ramal_desmonte,Transicion-Desmonte,H4,-53.27
161.00,318.50,51.80,426.20,ramal_desmonte,Transicion-Desmonte,H4,-53.27
162.00,318.50,51.80,426.20,ramal_desmonte,Transicion-Desmonte,H4,-53.27
163.00,318.50,51.80,426.20,ramal_desmonte,Transicion-Desmonte,H4,-53.27
164.00,318.50,51.80,426.20,ramal_desmonte,Transicion-Desmonte,H4,-53.27
165.00,318.50,51.80,426.20,ramal_desmonte,Transicion-Desmonte,H4,-53.27
166.00,318.50,51.80,426.20,ramal_desmonte,Transicion-Desmonte,H4,-53.27
167.00,318.50,51.80,426.20,ramal_desmonte,Transicion-Desmonte,H4,-53.27
168.00,318.50,51.80,426.20,ramal_desmonte,Transicion-Desmonte,H4,-53.27
169.00,318.50,51.80,426.20,ramal_desmonte,Transicion-Desmonte,H4,-53.27
170.00,318.50,51.80,426.20,ramal_desmonte,Transicion-Desmonte,H4,-53.27
171.00,318.50,51.80,426.20,ramal_desmonte,Transicion-Desmonte,H4,-53.27
172.00,318.50,51.80,426.20,ramal_desmonte,Transicion-Desmonte,H4,-53.27
173.00,318.50,51.80,426.20,ramal_desmonte,Transicion-Desmonte,H4,-53.27
174.00,318.50,51.80,426.20,ramal_desmonte,Transicion-Desmonte,H4,-53.27
175.00,318.50,51.80,426.20,ramal_desmonte,Transicion-Desmonte,H4,-53.27
176.00,318.50,51.80,426.20,ramal_desmonte,Transicion-Desmonte,H4,-53.27
177.00,318.50,51.80,426.20,ramal_desmonte,Transicion-Desmonte,H4,-53.27
178.00,318.50,51.80,426.20,ramal_desmonte,Transicion-Desmonte,H4,-53.27
179.00,318.50,51.80,426.20,ramal_desmonte,Transicion-Desmonte,H4,-53.27
180.00,318.50,51.80,426.20,ramal_desmonte,Transicion-Desmonte,H4,-53.27
181.00,318.50,51.80,426.20,ramal_desmonte,Transicion-Desmonte,H4,-53.27
182.00,318.50,51.80,426.20,ramal_desmonte,Transicion-Desmonte,H4,-53.27
183.00,318.50,51.80,426.20,ramal_desmonte,Transicion-Desmonte,H4,-53.27
184.00,318.50,51.80,426.20,ramal_desmonte,Transicion-Desmonte,H4,-53.27
185.00,318.50,51.80,426.20,ramal_desmonte,Transicion-Desmonte,H4,-53.27
186.00,318.50,51.80,426.20,ramal_desmonte,Transicion-Desmonte,H4,-53.27
187.00,318.50,51.80,426.20,ramal_desmonte,Transicion-Desmonte,H4,-53.27
188.00,318.50,51.80,426.20,ramal_desmonte,Transicion-Desmonte,H4,-53.27
189.00,318.50,51.80,426.20,ramal_desmonte,Transicion-Desmonte,H4,-53.27
190.00,318.50,51.05,425.45,ramal_desmonte,Transicion-Desmonte,H4,-53.03
191.00,318.50,47.72,422.12,ramal_desmonte,Transicion-Desmonte,H4,-51.86
192.00,318.50,44.39,418.79,ramal_desmonte,Transicion-Desmonte,H4,-50.49
193.00,318.50,41.06,415.46,ramal_desmonte,Transicion-Desmonte,H4,-48.85
194.00,318.50,37.73,412.13,ramal_desmonte,Transicion-Desmonte,H4,-46.81
195.00,318.50,34.40,408.80,ramal_desmonte,Transicion-Desmonte,H4,-44.08
196.00,318.50,31.07,405.47,ramal_desmonte,Transicion-Desmonte,H4,-39.98
197.00,318.50,27.74,402.14,ramal_desmonte,Transicion-Desmonte,H4,-31.45
198.00,318.50,24.41,398.81,ramal_desmonte,Transicion-Desmonte,H4,-29.71
199.00,318.50,21.08,395.48,ramal_desmonte,Transicion-Desmonte,H4,-39.40
200.00,318.50,17.75,392.15,ramal_desmonte,Transicion-Desmonte,H4,-43.73
201.00,318.50,14.42,388.82,ramal_desmonte,Transicion-Desmonte,H4,-46.56
202.00,318.50,11.09,385.49,ramal_desmonte,Transicion-Desmonte,H3,-46.27
203.00,318.50,7.76,382.16,ramal_desmonte,Transicion-Desmonte,H3,-43.33
204.00,318.50,4.43,378.83,ramal_desmonte,Transicion-Desmonte,H3,-38.70
205.00,318.50,1.10,318.50,galeria_final,Giro-D-RamalDesmonte,H3,-26.42
206.00,316.27,0.00,316.27,LOS2_galeria,Giro-D-RamalDesmonte,H3,-33.04
207.00,312.94,0.00,312.94,LOS2_galeria,Giro-D-RamalDesmonte,H3,-40.58
208.00,309.61,0.00,309.61,LOS2_galeria,Giro-D-RamalDesmonte,H3,-44.45
209.00,306.28,0.00,306.28,LOS2_galeria,LOS,H3,-37.08
210.00,302.95,0.00,302.95,LOS2_galeria,LOS,H3,-39.06
211.00,299.62,0.00,299.62,LOS2_galeria,LOS,H3,-40.67
212.00,296.29,0.00,296.29,LOS2_galeria,LOS,H3,-42.01
213.00,292.96,0.00,292.96,LOS2_galeria,LOS,H3,-43.16
214.00,289.63,0.00,289.63,LOS2_galeria,LOS,H3,-44.17
215.00,286.30,0.00,286.30,LOS2_galeria,LOS,H3,-45.07
216.00,282.97,0.00,282.97,LOS2_galeria,LOS,H3,-45.88
217.00,279.64,0.00,279.64,LOS2_galeria,LOS,H3,-46.62
218.00,276.31,0.00,276.31,LOS2_galeria,LOS,H3,-47.65
219.00,272.98,0.00,272.98,LOS2_galeria,LOS,H3,-48.77
220.00,269.65,0.00,269.65,LOS2_galeria,LOS,H3,-49.81
221.00,266.32,0.00,266.32,LOS2_galeria,LOS,H3,-50.79
222.00,262.99,0.00,262.99,LOS2_galeria,LOS,H3,-51.70
223.00,259.66,0.00,259.66,LOS2_galeria,LOS,H3,-52.56
224.00,256.33,0.00,256.33,LOS2_galeria,LOS,H3,-53.37
225.00,253.00,0.00,253.00,LOS2_galeria,LOS,H3,-54.14
226.00,249.67,0.00,249.67,LOS2_galeria,LOS,H2,-54.25
227.00,246.34,0.00,246.34,LOS2_galeria,LOS,H2,-53.48
228.00,243.01,0.00,243.01,LOS2_galeria,LOS,H2,-52.68
229.00,239.68,0.00,239.68,LOS2_galeria,LOS,H2,-51.82
230.00,236.35,0.00,236.35,LOS2_galeria,LOS,H2,-50.92
231.00,233.02,0.00,233.02,LOS2_galeria,LOS,H2,-49.95
232.00,229.69,0.00,229.69,LOS2_galeria,LOS,H2,-48.92
233.00,226.36,0.00,226.36,LOS2_galeria,LOS,H2,-47.81
234.00,223.03,0.00,223.03,LOS2_galeria,LOS,H2,-46.72
235.00,219.70,0.00,219.70,LOS2_galeria,LOS,H2,-45.99
236.00,216.37,0.00,216.37,LOS2_galeria,LOS,H2,-45.19
237.00,213.04,0.00,213.04,LOS2_galeria,LOS,H2,-44.30
238.00,209.71,0.00,209.71,LOS2_galeria,LOS,H2,-43.31
239.00,206.38,0.00,206.38,LOS2_galeria,LOS,H2,-42.18
240.00,203.05,0.00,203.05,LOS2_galeria,LOS,H2,-40.87
241.00,199.72,0.00,199.72,LOS2_galeria,LOS,H2,-39.31
242.00,196.39,0.00,196.39,LOS2_galeria,LOS,H2,-37.39
243.00,193.06,0.00,193.06,LOS2_galeria,Giro-D-RamalBP,H2,-44.88
244.00,189.73,0.00,189.73,LOS2_galeria,Giro-D-RamalBP,H2,-41.25
245.00,186.40,0.00,186.40,LOS2_galeria,Giro-D-RamalBP,H2,-34.62
246.00,183.70,0.63,183.70,LOS2_galeria,Giro-D-RamalBP,H2,-26.42
247.00,183.70,3.96,187.66,ramal_bp,Transicion-BP,H2,-37.78
248.00,183.70,7.29,190.99,ramal_bp,Transicion-BP,H2,-42.81
249.00,183.70,10.62,194.32,ramal_bp,Transicion-BP,H2,-45.92
250.00,183.70,13.95,197.65,ramal_bp,Transicion-BP,H2,-48.17
251.00,183.70,17.28,200.98,ramal_bp,Transicion-BP,CardFijo,-47.41
252.00,183.70,20.61,204.31,ramal_bp,Transicion-BP,CardFijo,-44.90
253.00,183.70,23.94,207.64,ramal_bp,Transicion-BP,CardFijo,-41.29
254.00,183.70,27.27,210.97,ramal_bp,Transicion-BP,CardFijo,-34.71
255.00,183.70,30.60,214.30,ramal_bp,Transicion-BP,CardFijo,-26.42
256.00,183.70,33.93,217.63,ramal_bp,Transicion-BP,CardFijo,-37.71
257.00,183.70,37.26,220.96,ramal_bp,Transicion-BP,CardFijo,-42.78
258.00,183.70,40.59,224.29,ramal_bp,Transicion-BP,CardFijo,-45.89
259.00,183.70,43.92,227.62,ramal_bp,Transicion-BP,CardFijo,-48.15
260.00,183.70,47.25,230.95,ramal_bp,Transicion-BP,CardFijo,-49.92
261.00,183.70,50.58,234.28,ramal_bp,Transicion-BP,CardFijo,-51.38
262.00,183.70,53.91,237.61,ramal_bp,Transicion-BP,CardFijo,-52.61
263.00,183.70,54.56,238.26,ramal_bp,Transicion-BP,CardFijo,-52.84
264.00,183.70,51.23,234.93,ramal_bp,Transicion-BP,CardFijo,-51.63
265.00,183.70,47.90,231.60,ramal_bp,Transicion-BP,CardFijo,-50.23
266.00,183.70,44.57,228.27,ramal_bp,Transicion-BP,CardFijo,-48.53
267.00,183.70,41.24,224.94,ramal_bp,Transicion-BP,CardFijo,-46.39
268.00,183.70,37.91,221.61,ramal_bp,Transicion-BP,CardFijo,-43.49
269.00,183.70,34.58,218.28,ramal_bp,Transicion-BP,CardFijo,-38.98
270.00,183.70,31.25,214.95,ramal_bp,Transicion-BP,CardFijo,-28.26
271.00,183.70,27.92,211.62,ramal_bp,Transicion-BP,CardFijo,-32.46
272.00,183.70,24.59,208.29,ramal_bp,Transicion-BP,CardFijo,-40.35
273.00,183.70,21.26,204.96,ramal_bp,Transicion-BP,CardFijo,-44.31
274.00,183.70,17.93,201.63,ramal_bp,Transicion-BP,CardFijo,-46.97
275.00,183.70,14.60,198.30,ramal_bp,Transicion-BP,H2,-48.54
276.00,183.70,11.27,194.97,ramal_bp,Transicion-BP,H2,-46.41
277.00,183.70,7.94,191.64,ramal_bp,Transicion-BP,H2,-43.52
278.00,183.70,4.61,188.31,ramal_bp,Transicion-BP,H2,-39.03
279.00,183.70,1.28,183.70,LOS2_galeria,Giro-D-RamalBP,H2,-26.42
280.00,181.65,0.00,181.65,LOS1_galeria,Giro-D-RamalBP,H2,-32.34
281.00,178.32,0.00,178.32,LOS1_galeria,Giro-D-RamalBP,H2,-40.31
282.00,174.99,0.00,174.99,LOS1_galeria,Giro-D-RamalBP,H2,-44.28
283.00,171.66,0.00,171.66,LOS1_galeria,LOS,H2,-36.95
284.00,168.33,0.00,168.33,LOS1_galeria,LOS,H2,-38.97
285.00,165.00,0.00,165.00,LOS1_galeria,LOS,H2,-40.59
286.00,161.67,0.00,161.67,LOS1_galeria,LOS,H2,-41.94
287.00,158.34,0.00,158.34,LOS1_galeria,LOS,H2,-43.10
288.00,155.01,0.00,155.01,LOS1_galeria,LOS,H2,-44.12
289.00,151.68,0.00,151.68,LOS1_galeria,LOS,H2,-45.02
290.00,148.35,0.00,148.35,LOS1_galeria,LOS,H2,-45.84
291.00,145.02,0.00,145.02,LOS1_galeria,LOS,H2,-46.58
292.00,141.69,0.00,141.69,LOS1_galeria,LOS,H2,-47.58
293.00,138.36,0.00,138.36,LOS1_galeria,LOS,H2,-48.71
294.00,135.03,0.00,135.03,LOS1_galeria,LOS,H2,-49.76
295.00,131.70,0.00,131.70,LOS1_galeria,LOS,H2,-50.73
296.00,128.37,0.00,128.37,LOS1_galeria,LOS,H2,-51.65
297.00,125.04,0.00,125.04,LOS1_galeria,LOS,H2,-52.51
298.00,121.71,0.00,121.71,LOS1_galeria,LOS,H2,-53.33
299.00,118.38,0.00,118.38,LOS1_galeria,LOS,H2,-54.10
300.00,115.05,0.00,115.05,LOS1_galeria,LOS,H1,-54.29
301.00,111.72,0.00,111.72,LOS1_galeria,LOS,H1,-53.53
302.00,108.39,0.00,108.39,LOS1_galeria,LOS,H1,-52.72
303.00,105.06,0.00,105.06,LOS1_galeria,LOS,H1,-51.87
304.00,101.73,0.00,101.73,LOS1_galeria,LOS,H1,-50.97
305.00,98.40,0.00,98.40,LOS1_galeria,LOS,H1,-50.01
306.00,95.07,0.00,95.07,LOS1_galeria,LOS,H1,-48.98
307.00,91.74,0.00,91.74,LOS1_galeria,LOS,H1,-47.87
308.00,88.41,0.00,88.41,LOS1_galeria,LOS,H1,-46.76
309.00,85.08,0.00,85.08,LOS1_galeria,LOS,H1,-46.03
